source,variable,survey_year,survey_quarter,horizon_q,value_annualized_pct,vintage_status,observed_asof
spf,cpi,1981,3,0,7.5000,point_in_time,1981-08-15
spf,cpi,1981,3,1,9.3500,point_in_time,1981-08-15
spf,cpi,1981,3,2,8.0000,point_in_time,1981-08-15
spf,cpi,1981,3,3,7.9500,point_in_time,1981-08-15
spf,cpi,1981,3,4,7.5500,point_in_time,1981-08-15
spf,cpi,1981,3,5,7.8000,point_in_time,1981-08-15
spf,cpi,1981,4,0,11.7000,point_in_time,1981-11-15
spf,cpi,1981,4,1,9.6000,point_in_time,1981-11-15
spf,cpi,1981,4,2,7.8000,point_in_time,1981-11-15
spf,cpi,1981,4,3,7.5000,point_in_time,1981-11-15
spf,cpi,1981,4,4,7.5000,point_in_time,1981-11-15
spf,cpi,1981,4,5,8.0000,point_in_time,1981-11-15
spf,cpi,1982,1,0,7.5000,point_in_time,1982-02-15
spf,cpi,1982,1,1,6.0000,point_in_time,1982-02-15
spf,cpi,1982,1,2,6.3000,point_in_time,1982-02-15
spf,cpi,1982,1,3,6.7000,point_in_time,1982-02-15
spf,cpi,1982,1,4,6.8000,point_in_time,1982-02-15
spf,cpi,1982,1,5,6.7000,point_in_time,1982-02-15
spf,cpi,1982,2,0,3.2000,point_in_time,1982-05-15
spf,cpi,1982,2,1,3.4000,point_in_time,1982-05-15
spf,cpi,1982,2,2,5.9000,point_in_time,1982-05-15
spf,cpi,1982,2,3,6.0000,point_in_time,1982-05-15
spf,cpi,1982,2,4,6.2500,point_in_time,1982-05-15
spf,cpi,1982,2,5,6.0000,point_in_time,1982-05-15
spf,cpi,1982,3,0,4.7000,point_in_time,1982-08-15
spf,cpi,1982,3,1,7.5000,point_in_time,1982-08-15
spf,cpi,1982,3,2,5.8000,point_in_time,1982-08-15
spf,cpi,1982,3,3,6.1000,point_in_time,1982-08-15
spf,cpi,1982,3,4,6.0000,point_in_time,1982-08-15
spf,cpi,1982,3,5,6.0000,point_in_time,1982-08-15
spf,cpi,1982,4,0,7.6000,point_in_time,1982-11-15
spf,cpi,1982,4,1,4.0000,point_in_time,1982-11-15
spf,cpi,1982,4,2,5.0000,point_in_time,1982-11-15
spf,cpi,1982,4,3,5.5000,point_in_time,1982-11-15
spf,cpi,1982,4,4,5.5000,point_in_time,1982-11-15
spf,cpi,1982,4,5,6.0000,point_in_time,1982-11-15
spf,cpi,1983,1,0,2.6000,point_in_time,1983-02-15
spf,cpi,1983,1,1,2.9000,point_in_time,1983-02-15
spf,cpi,1983,1,2,4.2000,point_in_time,1983-02-15
spf,cpi,1983,1,3,4.3000,point_in_time,1983-02-15
spf,cpi,1983,1,4,4.6000,point_in_time,1983-02-15
spf,cpi,1983,1,5,5.0000,point_in_time,1983-02-15
spf,cpi,1983,2,0,-0.4000,point_in_time,1983-05-15
spf,cpi,1983,2,1,4.0000,point_in_time,1983-05-15
spf,cpi,1983,2,2,4.5000,point_in_time,1983-05-15
spf,cpi,1983,2,3,4.6000,point_in_time,1983-05-15
spf,cpi,1983,2,4,4.9000,point_in_time,1983-05-15
spf,cpi,1983,2,5,4.9000,point_in_time,1983-05-15
spf,cpi,1983,3,0,4.2000,point_in_time,1983-08-15
spf,cpi,1983,3,1,4.5000,point_in_time,1983-08-15
spf,cpi,1983,3,2,4.5500,point_in_time,1983-08-15
spf,cpi,1983,3,3,4.6000,point_in_time,1983-08-15
spf,cpi,1983,3,4,4.5000,point_in_time,1983-08-15
spf,cpi,1983,3,5,4.5000,point_in_time,1983-08-15
spf,cpi,1983,4,0,4.7000,point_in_time,1983-11-15
spf,cpi,1983,4,1,5.0000,point_in_time,1983-11-15
spf,cpi,1983,4,2,5.0000,point_in_time,1983-11-15
spf,cpi,1983,4,3,5.0000,point_in_time,1983-11-15
spf,cpi,1983,4,4,5.1000,point_in_time,1983-11-15
spf,cpi,1983,4,5,5.5000,point_in_time,1983-11-15
spf,cpi,1984,1,0,4.1000,point_in_time,1984-02-15
spf,cpi,1984,1,1,4.2000,point_in_time,1984-02-15
spf,cpi,1984,1,2,4.4000,point_in_time,1984-02-15
spf,cpi,1984,1,3,4.8500,point_in_time,1984-02-15
spf,cpi,1984,1,4,4.8000,point_in_time,1984-02-15
spf,cpi,1984,1,5,5.2000,point_in_time,1984-02-15
spf,cpi,1984,2,0,4.8000,point_in_time,1984-05-15
spf,cpi,1984,2,1,4.4000,point_in_time,1984-05-15
spf,cpi,1984,2,2,5.0000,point_in_time,1984-05-15
spf,cpi,1984,2,3,5.2500,point_in_time,1984-05-15
spf,cpi,1984,2,4,5.3000,point_in_time,1984-05-15
spf,cpi,1984,2,5,5.6500,point_in_time,1984-05-15
spf,cpi,1984,3,0,3.7000,point_in_time,1984-08-15
spf,cpi,1984,3,1,3.7000,point_in_time,1984-08-15
spf,cpi,1984,3,2,4.4000,point_in_time,1984-08-15
spf,cpi,1984,3,3,4.9000,point_in_time,1984-08-15
spf,cpi,1984,3,4,5.2000,point_in_time,1984-08-15
spf,cpi,1984,3,5,5.3000,point_in_time,1984-08-15
spf,cpi,1984,4,0,3.6000,point_in_time,1984-11-15
spf,cpi,1984,4,1,4.0000,point_in_time,1984-11-15
spf,cpi,1984,4,2,4.1000,point_in_time,1984-11-15
spf,cpi,1984,4,3,4.3000,point_in_time,1984-11-15
spf,cpi,1984,4,4,4.6000,point_in_time,1984-11-15
spf,cpi,1984,4,5,4.7000,point_in_time,1984-11-15
spf,cpi,1985,1,0,3.1000,point_in_time,1985-02-15
spf,cpi,1985,1,1,3.3500,point_in_time,1985-02-15
spf,cpi,1985,1,2,3.6000,point_in_time,1985-02-15
spf,cpi,1985,1,3,4.0000,point_in_time,1985-02-15
spf,cpi,1985,1,4,4.2000,point_in_time,1985-02-15
spf,cpi,1985,1,5,4.7000,point_in_time,1985-02-15
spf,cpi,1985,2,0,3.2000,point_in_time,1985-05-15
spf,cpi,1985,2,1,4.0000,point_in_time,1985-05-15
spf,cpi,1985,2,2,4.0000,point_in_time,1985-05-15
spf,cpi,1985,2,3,4.3000,point_in_time,1985-05-15
spf,cpi,1985,2,4,4.6500,point_in_time,1985-05-15
spf,cpi,1985,2,5,4.4500,point_in_time,1985-05-15
spf,cpi,1985,3,0,4.2000,point_in_time,1985-08-15
spf,cpi,1985,3,1,3.5000,point_in_time,1985-08-15
spf,cpi,1985,3,2,3.9000,point_in_time,1985-08-15
spf,cpi,1985,3,3,4.2000,point_in_time,1985-08-15
spf,cpi,1985,3,4,4.4000,point_in_time,1985-08-15
spf,cpi,1985,3,5,4.5000,point_in_time,1985-08-15
spf,cpi,1985,4,0,2.4000,point_in_time,1985-11-15
spf,cpi,1985,4,1,3.2000,point_in_time,1985-11-15
spf,cpi,1985,4,2,3.5000,point_in_time,1985-11-15
spf,cpi,1985,4,3,3.7000,point_in_time,1985-11-15
spf,cpi,1985,4,4,4.0000,point_in_time,1985-11-15
spf,cpi,1985,4,5,4.2000,point_in_time,1985-11-15
spf,cpi,1986,1,0,4.1000,point_in_time,1986-02-15
spf,cpi,1986,1,1,3.2000,point_in_time,1986-02-15
spf,cpi,1986,1,2,3.2000,point_in_time,1986-02-15
spf,cpi,1986,1,3,3.5000,point_in_time,1986-02-15
spf,cpi,1986,1,4,3.6500,point_in_time,1986-02-15
spf,cpi,1986,1,5,4.0000,point_in_time,1986-02-15
spf,cpi,1986,2,0,1.4000,point_in_time,1986-05-15
spf,cpi,1986,2,1,-0.6000,point_in_time,1986-05-15
spf,cpi,1986,2,2,2.6000,point_in_time,1986-05-15
spf,cpi,1986,2,3,3.4000,point_in_time,1986-05-15
spf,cpi,1986,2,4,3.7000,point_in_time,1986-05-15
spf,cpi,1986,2,5,3.9500,point_in_time,1986-05-15
spf,cpi,1986,3,0,-1.7000,point_in_time,1986-08-15
spf,cpi,1986,3,1,2.9000,point_in_time,1986-08-15
spf,cpi,1986,3,2,3.3000,point_in_time,1986-08-15
spf,cpi,1986,3,3,3.5000,point_in_time,1986-08-15
spf,cpi,1986,3,4,3.5000,point_in_time,1986-08-15
spf,cpi,1986,3,5,3.7000,point_in_time,1986-08-15
spf,cpi,1986,4,0,2.6000,point_in_time,1986-11-15
spf,cpi,1986,4,1,3.0500,point_in_time,1986-11-15
spf,cpi,1986,4,2,3.3500,point_in_time,1986-11-15
spf,cpi,1986,4,3,3.5000,point_in_time,1986-11-15
spf,cpi,1986,4,4,3.7500,point_in_time,1986-11-15
spf,cpi,1986,4,5,3.9000,point_in_time,1986-11-15
spf,cpi,1987,1,0,2.8000,point_in_time,1987-02-15
spf,cpi,1987,1,1,3.3000,point_in_time,1987-02-15
spf,cpi,1987,1,2,3.5000,point_in_time,1987-02-15
spf,cpi,1987,1,3,4.0000,point_in_time,1987-02-15
spf,cpi,1987,1,4,4.1000,point_in_time,1987-02-15
spf,cpi,1987,1,5,4.0000,point_in_time,1987-02-15
spf,cpi,1987,2,0,5.3000,point_in_time,1987-05-15
spf,cpi,1987,2,1,4.2500,point_in_time,1987-05-15
spf,cpi,1987,2,2,4.3500,point_in_time,1987-05-15
spf,cpi,1987,2,3,4.4000,point_in_time,1987-05-15
spf,cpi,1987,2,4,4.2500,point_in_time,1987-05-15
spf,cpi,1987,2,5,4.4500,point_in_time,1987-05-15
spf,cpi,1987,3,0,4.9000,point_in_time,1987-08-15
spf,cpi,1987,3,1,4.0000,point_in_time,1987-08-15
spf,cpi,1987,3,2,4.3000,point_in_time,1987-08-15
spf,cpi,1987,3,3,4.6000,point_in_time,1987-08-15
spf,cpi,1987,3,4,4.5000,point_in_time,1987-08-15
spf,cpi,1987,3,5,4.6000,point_in_time,1987-08-15
spf,cpi,1987,4,0,4.0000,point_in_time,1987-11-15
spf,cpi,1987,4,1,4.2000,point_in_time,1987-11-15
spf,cpi,1987,4,2,4.5000,point_in_time,1987-11-15
spf,cpi,1987,4,3,4.2000,point_in_time,1987-11-15
spf,cpi,1987,4,4,4.3000,point_in_time,1987-11-15
spf,cpi,1987,4,5,4.5000,point_in_time,1987-11-15
spf,cpi,1988,1,0,3.6000,point_in_time,1988-02-15
spf,cpi,1988,1,1,3.7000,point_in_time,1988-02-15
spf,cpi,1988,1,2,3.9500,point_in_time,1988-02-15
spf,cpi,1988,1,3,4.0500,point_in_time,1988-02-15
spf,cpi,1988,1,4,4.2000,point_in_time,1988-02-15
spf,cpi,1988,1,5,4.6000,point_in_time,1988-02-15
spf,cpi,1988,2,0,3.2000,point_in_time,1988-05-15
spf,cpi,1988,2,1,4.1500,point_in_time,1988-05-15
spf,cpi,1988,2,2,4.3500,point_in_time,1988-05-15
spf,cpi,1988,2,3,4.6000,point_in_time,1988-05-15
spf,cpi,1988,2,4,4.6500,point_in_time,1988-05-15
spf,cpi,1988,2,5,4.7000,point_in_time,1988-05-15
spf,cpi,1988,3,0,4.8000,point_in_time,1988-08-15
spf,cpi,1988,3,1,4.8000,point_in_time,1988-08-15
spf,cpi,1988,3,2,4.9000,point_in_time,1988-08-15
spf,cpi,1988,3,3,5.0000,point_in_time,1988-08-15
spf,cpi,1988,3,4,5.1000,point_in_time,1988-08-15
spf,cpi,1988,3,5,4.9000,point_in_time,1988-08-15
spf,cpi,1988,4,0,4.8000,point_in_time,1988-11-15
spf,cpi,1988,4,1,5.0000,point_in_time,1988-11-15
spf,cpi,1988,4,2,4.8500,point_in_time,1988-11-15
spf,cpi,1988,4,3,4.8500,point_in_time,1988-11-15
spf,cpi,1988,4,4,4.9000,point_in_time,1988-11-15
spf,cpi,1988,4,5,5.0000,point_in_time,1988-11-15
spf,cpi,1989,1,0,4.3000,point_in_time,1989-02-15
spf,cpi,1989,1,1,4.6000,point_in_time,1989-02-15
spf,cpi,1989,1,2,5.0000,point_in_time,1989-02-15
spf,cpi,1989,1,3,4.8500,point_in_time,1989-02-15
spf,cpi,1989,1,4,4.8500,point_in_time,1989-02-15
spf,cpi,1989,1,5,4.7000,point_in_time,1989-02-15
spf,cpi,1989,2,0,5.4000,point_in_time,1989-05-15
spf,cpi,1989,2,1,5.9000,point_in_time,1989-05-15
spf,cpi,1989,2,2,5.0500,point_in_time,1989-05-15
spf,cpi,1989,2,3,5.0000,point_in_time,1989-05-15
spf,cpi,1989,2,4,5.0000,point_in_time,1989-05-15
spf,cpi,1989,2,5,4.6000,point_in_time,1989-05-15
spf,cpi,1989,3,0,6.4000,point_in_time,1989-08-15
spf,cpi,1989,3,1,4.3500,point_in_time,1989-08-15
spf,cpi,1989,3,2,4.6000,point_in_time,1989-08-15
spf,cpi,1989,3,3,4.7000,point_in_time,1989-08-15
spf,cpi,1989,3,4,4.6500,point_in_time,1989-08-15
spf,cpi,1989,3,5,4.6500,point_in_time,1989-08-15
spf,cpi,1989,4,0,2.6000,point_in_time,1989-11-15
spf,cpi,1989,4,1,4.0000,point_in_time,1989-11-15
spf,cpi,1989,4,2,4.2000,point_in_time,1989-11-15
spf,cpi,1989,4,3,4.2000,point_in_time,1989-11-15
spf,cpi,1989,4,4,4.2000,point_in_time,1989-11-15
spf,cpi,1989,4,5,4.3000,point_in_time,1989-11-15
spf,cpi,1990,1,0,4.0000,point_in_time,1990-02-15
spf,cpi,1990,1,1,4.9000,point_in_time,1990-02-15
spf,cpi,1990,1,2,4.3000,point_in_time,1990-02-15
spf,cpi,1990,1,3,4.2000,point_in_time,1990-02-15
spf,cpi,1990,1,4,4.4000,point_in_time,1990-02-15
spf,cpi,1990,1,5,4.5000,point_in_time,1990-02-15
spf,cpi,1990,2,0,8.1000,point_in_time,1990-05-15
spf,cpi,1990,2,1,4.0000,point_in_time,1990-05-15
spf,cpi,1990,2,2,4.0000,point_in_time,1990-05-15
spf,cpi,1990,2,3,4.0000,point_in_time,1990-05-15
spf,cpi,1990,2,4,4.5000,point_in_time,1990-05-15
spf,cpi,1990,2,5,4.3000,point_in_time,1990-05-15
spf,cpi,1990,3,0,3.8000,point_in_time,1990-08-15
spf,cpi,1990,3,1,5.7000,point_in_time,1990-08-15
spf,cpi,1990,3,2,5.0000,point_in_time,1990-08-15
spf,cpi,1990,3,3,4.5000,point_in_time,1990-08-15
spf,cpi,1990,3,4,4.1000,point_in_time,1990-08-15
spf,cpi,1990,3,5,4.2000,point_in_time,1990-08-15
spf,cpi,1990,4,0,6.4000,point_in_time,1990-11-15
spf,cpi,1990,4,1,7.7000,point_in_time,1990-11-15
spf,cpi,1990,4,2,5.3500,point_in_time,1990-11-15
spf,cpi,1990,4,3,4.2000,point_in_time,1990-11-15
spf,cpi,1990,4,4,4.1500,point_in_time,1990-11-15
spf,cpi,1990,4,5,4.3500,point_in_time,1990-11-15
spf,cpi,1991,1,0,6.9000,point_in_time,1991-02-15
spf,cpi,1991,1,1,3.9000,point_in_time,1991-02-15
spf,cpi,1991,1,2,3.4500,point_in_time,1991-02-15
spf,cpi,1991,1,3,3.6000,point_in_time,1991-02-15
spf,cpi,1991,1,4,3.7000,point_in_time,1991-02-15
spf,cpi,1991,1,5,3.9000,point_in_time,1991-02-15
spf,cpi,1991,2,0,3.5000,point_in_time,1991-05-15
spf,cpi,1991,2,1,2.8000,point_in_time,1991-05-15
spf,cpi,1991,2,2,3.7500,point_in_time,1991-05-15
spf,cpi,1991,2,3,3.8000,point_in_time,1991-05-15
spf,cpi,1991,2,4,4.0000,point_in_time,1991-05-15
spf,cpi,1991,2,5,3.8000,point_in_time,1991-05-15
spf,cpi,1991,3,0,2.1000,point_in_time,1991-08-15
spf,cpi,1991,3,1,3.2000,point_in_time,1991-08-15
spf,cpi,1991,3,2,3.6000,point_in_time,1991-08-15
spf,cpi,1991,3,3,3.9000,point_in_time,1991-08-15
spf,cpi,1991,3,4,3.7900,point_in_time,1991-08-15
spf,cpi,1991,3,5,3.8000,point_in_time,1991-08-15
spf,cpi,1991,4,0,3.0000,point_in_time,1991-11-15
spf,cpi,1991,4,1,3.2000,point_in_time,1991-11-15
spf,cpi,1991,4,2,3.4000,point_in_time,1991-11-15
spf,cpi,1991,4,3,3.5000,point_in_time,1991-11-15
spf,cpi,1991,4,4,3.6000,point_in_time,1991-11-15
spf,cpi,1991,4,5,3.7000,point_in_time,1991-11-15
spf,cpi,1992,1,0,3.2000,point_in_time,1992-02-15
spf,cpi,1992,1,1,3.0000,point_in_time,1992-02-15
spf,cpi,1992,1,2,3.2000,point_in_time,1992-02-15
spf,cpi,1992,1,3,3.4000,point_in_time,1992-02-15
spf,cpi,1992,1,4,3.5000,point_in_time,1992-02-15
spf,cpi,1992,1,5,3.5000,point_in_time,1992-02-15
spf,cpi,1992,2,0,3.5000,point_in_time,1992-05-15
spf,cpi,1992,2,1,3.3000,point_in_time,1992-05-15
spf,cpi,1992,2,2,3.3500,point_in_time,1992-05-15
spf,cpi,1992,2,3,3.5000,point_in_time,1992-05-15
spf,cpi,1992,2,4,3.5500,point_in_time,1992-05-15
spf,cpi,1992,2,5,3.7000,point_in_time,1992-05-15
spf,cpi,1992,3,0,2.6000,point_in_time,1992-08-15
spf,cpi,1992,3,1,3.0000,point_in_time,1992-08-15
spf,cpi,1992,3,2,3.3000,point_in_time,1992-08-15
spf,cpi,1992,3,3,3.2000,point_in_time,1992-08-15
spf,cpi,1992,3,4,3.4000,point_in_time,1992-08-15
spf,cpi,1992,3,5,3.4000,point_in_time,1992-08-15
spf,cpi,1992,4,0,2.6000,point_in_time,1992-11-15
spf,cpi,1992,4,1,3.1000,point_in_time,1992-11-15
spf,cpi,1992,4,2,3.1000,point_in_time,1992-11-15
spf,cpi,1992,4,3,3.2000,point_in_time,1992-11-15
spf,cpi,1992,4,4,3.3000,point_in_time,1992-11-15
spf,cpi,1992,4,5,3.4000,point_in_time,1992-11-15
spf,cpi,1993,1,0,2.9000,point_in_time,1993-02-15
spf,cpi,1993,1,1,3.0000,point_in_time,1993-02-15
spf,cpi,1993,1,2,3.1000,point_in_time,1993-02-15
spf,cpi,1993,1,3,3.2500,point_in_time,1993-02-15
spf,cpi,1993,1,4,3.2000,point_in_time,1993-02-15
spf,cpi,1993,1,5,3.3000,point_in_time,1993-02-15
spf,cpi,1993,2,0,4.0000,point_in_time,1993-05-15
spf,cpi,1993,2,1,3.2000,point_in_time,1993-05-15
spf,cpi,1993,2,2,3.2000,point_in_time,1993-05-15
spf,cpi,1993,2,3,3.3000,point_in_time,1993-05-15
spf,cpi,1993,2,4,3.5000,point_in_time,1993-05-15
spf,cpi,1993,2,5,3.5000,point_in_time,1993-05-15
spf,cpi,1993,3,0,2.2000,point_in_time,1993-08-15
spf,cpi,1993,3,1,2.6500,point_in_time,1993-08-15
spf,cpi,1993,3,2,3.3000,point_in_time,1993-08-15
spf,cpi,1993,3,3,3.3000,point_in_time,1993-08-15
spf,cpi,1993,3,4,3.3000,point_in_time,1993-08-15
spf,cpi,1993,3,5,3.3000,point_in_time,1993-08-15
spf,cpi,1993,4,0,1.2000,point_in_time,1993-11-15
spf,cpi,1993,4,1,3.0000,point_in_time,1993-11-15
spf,cpi,1993,4,2,3.0000,point_in_time,1993-11-15
spf,cpi,1993,4,3,3.0200,point_in_time,1993-11-15
spf,cpi,1993,4,4,3.0500,point_in_time,1993-11-15
spf,cpi,1993,4,5,3.0500,point_in_time,1993-11-15
spf,cpi,1994,1,0,2.9000,point_in_time,1994-02-15
spf,cpi,1994,1,1,2.9000,point_in_time,1994-02-15
spf,cpi,1994,1,2,3.1000,point_in_time,1994-02-15
spf,cpi,1994,1,3,3.1500,point_in_time,1994-02-15
spf,cpi,1994,1,4,3.2500,point_in_time,1994-02-15
spf,cpi,1994,1,5,3.3000,point_in_time,1994-02-15
spf,cpi,1994,2,0,2.1000,point_in_time,1994-05-15
spf,cpi,1994,2,1,3.1000,point_in_time,1994-05-15
spf,cpi,1994,2,2,3.2000,point_in_time,1994-05-15
spf,cpi,1994,2,3,3.3000,point_in_time,1994-05-15
spf,cpi,1994,2,4,3.3000,point_in_time,1994-05-15
spf,cpi,1994,2,5,3.3000,point_in_time,1994-05-15
spf,cpi,1994,3,0,2.8000,point_in_time,1994-08-15
spf,cpi,1994,3,1,3.3000,point_in_time,1994-08-15
spf,cpi,1994,3,2,3.3000,point_in_time,1994-08-15
spf,cpi,1994,3,3,3.3000,point_in_time,1994-08-15
spf,cpi,1994,3,4,3.3000,point_in_time,1994-08-15
spf,cpi,1994,3,5,3.4000,point_in_time,1994-08-15
spf,cpi,1994,4,0,3.6000,point_in_time,1994-11-15
spf,cpi,1994,4,1,3.2000,point_in_time,1994-11-15
spf,cpi,1994,4,2,3.5000,point_in_time,1994-11-15
spf,cpi,1994,4,3,3.3500,point_in_time,1994-11-15
spf,cpi,1994,4,4,3.4000,point_in_time,1994-11-15
spf,cpi,1994,4,5,3.4500,point_in_time,1994-11-15
spf,cpi,1995,1,0,2.3000,point_in_time,1995-02-15
spf,cpi,1995,1,1,3.1500,point_in_time,1995-02-15
spf,cpi,1995,1,2,3.3000,point_in_time,1995-02-15
spf,cpi,1995,1,3,3.3500,point_in_time,1995-02-15
spf,cpi,1995,1,4,3.4500,point_in_time,1995-02-15
spf,cpi,1995,1,5,3.5500,point_in_time,1995-02-15
spf,cpi,1995,2,0,3.1000,point_in_time,1995-05-15
spf,cpi,1995,2,1,3.3000,point_in_time,1995-05-15
spf,cpi,1995,2,2,3.5000,point_in_time,1995-05-15
spf,cpi,1995,2,3,3.5000,point_in_time,1995-05-15
spf,cpi,1995,2,4,3.6000,point_in_time,1995-05-15
spf,cpi,1995,2,5,3.5000,point_in_time,1995-05-15
spf,cpi,1995,3,0,3.4000,point_in_time,1995-08-15
spf,cpi,1995,3,1,2.9000,point_in_time,1995-08-15
spf,cpi,1995,3,2,3.2000,point_in_time,1995-08-15
spf,cpi,1995,3,3,3.3000,point_in_time,1995-08-15
spf,cpi,1995,3,4,3.3000,point_in_time,1995-08-15
spf,cpi,1995,3,5,3.3000,point_in_time,1995-08-15
spf,cpi,1995,4,0,2.0000,point_in_time,1995-11-15
spf,cpi,1995,4,1,2.6000,point_in_time,1995-11-15
spf,cpi,1995,4,2,2.9000,point_in_time,1995-11-15
spf,cpi,1995,4,3,2.9000,point_in_time,1995-11-15
spf,cpi,1995,4,4,3.0000,point_in_time,1995-11-15
spf,cpi,1995,4,5,3.0000,point_in_time,1995-11-15
spf,cpi,1996,1,0,1.8000,point_in_time,1996-02-15
spf,cpi,1996,1,1,2.8000,point_in_time,1996-02-15
spf,cpi,1996,1,2,2.7000,point_in_time,1996-02-15
spf,cpi,1996,1,3,2.7000,point_in_time,1996-02-15
spf,cpi,1996,1,4,2.8000,point_in_time,1996-02-15
spf,cpi,1996,1,5,2.9000,point_in_time,1996-02-15
spf,cpi,1996,2,0,3.2000,point_in_time,1996-05-15
spf,cpi,1996,2,1,3.4000,point_in_time,1996-05-15
spf,cpi,1996,2,2,2.8000,point_in_time,1996-05-15
spf,cpi,1996,2,3,2.7000,point_in_time,1996-05-15
spf,cpi,1996,2,4,3.0000,point_in_time,1996-05-15
spf,cpi,1996,2,5,3.0000,point_in_time,1996-05-15
spf,cpi,1996,3,0,3.8000,point_in_time,1996-08-15
spf,cpi,1996,3,1,2.7000,point_in_time,1996-08-15
spf,cpi,1996,3,2,2.9000,point_in_time,1996-08-15
spf,cpi,1996,3,3,3.1000,point_in_time,1996-08-15
spf,cpi,1996,3,4,3.0000,point_in_time,1996-08-15
spf,cpi,1996,3,5,3.0100,point_in_time,1996-08-15
spf,cpi,1996,4,0,2.3000,point_in_time,1996-11-15
spf,cpi,1996,4,1,3.0000,point_in_time,1996-11-15
spf,cpi,1996,4,2,3.1000,point_in_time,1996-11-15
spf,cpi,1996,4,3,3.0000,point_in_time,1996-11-15
spf,cpi,1996,4,4,3.0000,point_in_time,1996-11-15
spf,cpi,1996,4,5,3.0000,point_in_time,1996-11-15
spf,cpi,1997,1,0,3.2000,point_in_time,1997-02-15
spf,cpi,1997,1,1,3.0000,point_in_time,1997-02-15
spf,cpi,1997,1,2,3.0000,point_in_time,1997-02-15
spf,cpi,1997,1,3,3.0000,point_in_time,1997-02-15
spf,cpi,1997,1,4,3.1000,point_in_time,1997-02-15
spf,cpi,1997,1,5,3.1500,point_in_time,1997-02-15
spf,cpi,1997,2,0,2.4000,point_in_time,1997-05-15
spf,cpi,1997,2,1,2.5000,point_in_time,1997-05-15
spf,cpi,1997,2,2,2.8000,point_in_time,1997-05-15
spf,cpi,1997,2,3,3.0000,point_in_time,1997-05-15
spf,cpi,1997,2,4,3.1000,point_in_time,1997-05-15
spf,cpi,1997,2,5,3.1000,point_in_time,1997-05-15
spf,cpi,1997,3,0,1.1000,point_in_time,1997-08-15
spf,cpi,1997,3,1,2.2000,point_in_time,1997-08-15
spf,cpi,1997,3,2,2.8000,point_in_time,1997-08-15
spf,cpi,1997,3,3,2.7000,point_in_time,1997-08-15
spf,cpi,1997,3,4,3.0000,point_in_time,1997-08-15
spf,cpi,1997,3,5,2.9000,point_in_time,1997-08-15
spf,cpi,1997,4,0,2.0000,point_in_time,1997-11-15
spf,cpi,1997,4,1,2.5000,point_in_time,1997-11-15
spf,cpi,1997,4,2,2.5000,point_in_time,1997-11-15
spf,cpi,1997,4,3,2.6000,point_in_time,1997-11-15
spf,cpi,1997,4,4,2.7000,point_in_time,1997-11-15
spf,cpi,1997,4,5,2.6000,point_in_time,1997-11-15
spf,cpi,1998,1,0,2.1000,point_in_time,1998-02-15
spf,cpi,1998,1,1,1.8300,point_in_time,1998-02-15
spf,cpi,1998,1,2,2.0000,point_in_time,1998-02-15
spf,cpi,1998,1,3,2.3000,point_in_time,1998-02-15
spf,cpi,1998,1,4,2.4000,point_in_time,1998-02-15
spf,cpi,1998,1,5,2.3500,point_in_time,1998-02-15
spf,cpi,1998,2,0,0.5000,point_in_time,1998-05-15
spf,cpi,1998,2,1,1.6000,point_in_time,1998-05-15
spf,cpi,1998,2,2,2.3000,point_in_time,1998-05-15
spf,cpi,1998,2,3,2.4000,point_in_time,1998-05-15
spf,cpi,1998,2,4,2.5000,point_in_time,1998-05-15
spf,cpi,1998,2,5,2.6000,point_in_time,1998-05-15
spf,cpi,1998,3,0,2.0000,point_in_time,1998-08-15
spf,cpi,1998,3,1,2.0000,point_in_time,1998-08-15
spf,cpi,1998,3,2,2.4000,point_in_time,1998-08-15
spf,cpi,1998,3,3,2.5000,point_in_time,1998-08-15
spf,cpi,1998,3,4,2.5000,point_in_time,1998-08-15
spf,cpi,1998,3,5,2.5000,point_in_time,1998-08-15
spf,cpi,1998,4,0,1.8000,point_in_time,1998-11-15
spf,cpi,1998,4,1,1.9000,point_in_time,1998-11-15
spf,cpi,1998,4,2,2.1500,point_in_time,1998-11-15
spf,cpi,1998,4,3,2.3000,point_in_time,1998-11-15
spf,cpi,1998,4,4,2.4000,point_in_time,1998-11-15
spf,cpi,1998,4,5,2.4000,point_in_time,1998-11-15
spf,cpi,1999,1,0,1.9000,point_in_time,1999-02-15
spf,cpi,1999,1,1,1.9000,point_in_time,1999-02-15
spf,cpi,1999,1,2,2.0000,point_in_time,1999-02-15
spf,cpi,1999,1,3,2.2000,point_in_time,1999-02-15
spf,cpi,1999,1,4,2.2500,point_in_time,1999-02-15
spf,cpi,1999,1,5,2.2500,point_in_time,1999-02-15
spf,cpi,1999,2,0,1.5000,point_in_time,1999-05-15
spf,cpi,1999,2,1,2.7000,point_in_time,1999-05-15
spf,cpi,1999,2,2,2.2000,point_in_time,1999-05-15
spf,cpi,1999,2,3,2.2000,point_in_time,1999-05-15
spf,cpi,1999,2,4,2.2000,point_in_time,1999-05-15
spf,cpi,1999,2,5,2.2000,point_in_time,1999-05-15
spf,cpi,1999,3,0,3.5000,point_in_time,1999-08-15
spf,cpi,1999,3,1,2.2000,point_in_time,1999-08-15
spf,cpi,1999,3,2,2.3000,point_in_time,1999-08-15
spf,cpi,1999,3,3,2.3150,point_in_time,1999-08-15
spf,cpi,1999,3,4,2.4000,point_in_time,1999-08-15
spf,cpi,1999,3,5,2.5000,point_in_time,1999-08-15
spf,cpi,1999,4,0,2.6000,point_in_time,1999-11-15
spf,cpi,1999,4,1,2.5500,point_in_time,1999-11-15
spf,cpi,1999,4,2,2.5000,point_in_time,1999-11-15
spf,cpi,1999,4,3,2.5000,point_in_time,1999-11-15
spf,cpi,1999,4,4,2.5000,point_in_time,1999-11-15
spf,cpi,1999,4,5,2.6000,point_in_time,1999-11-15
spf,cpi,2000,1,0,2.9000,point_in_time,2000-02-15
spf,cpi,2000,1,1,2.5000,point_in_time,2000-02-15
spf,cpi,2000,1,2,2.4500,point_in_time,2000-02-15
spf,cpi,2000,1,3,2.4000,point_in_time,2000-02-15
spf,cpi,2000,1,4,2.5000,point_in_time,2000-02-15
spf,cpi,2000,1,5,2.5000,point_in_time,2000-02-15
spf,cpi,2000,2,0,4.0000,point_in_time,2000-05-15
spf,cpi,2000,2,1,3.2000,point_in_time,2000-05-15
spf,cpi,2000,2,2,2.5000,point_in_time,2000-05-15
spf,cpi,2000,2,3,2.6000,point_in_time,2000-05-15
spf,cpi,2000,2,4,2.7000,point_in_time,2000-05-15
spf,cpi,2000,2,5,2.6250,point_in_time,2000-05-15
spf,cpi,2000,3,0,3.6000,point_in_time,2000-08-15
spf,cpi,2000,3,1,2.9000,point_in_time,2000-08-15
spf,cpi,2000,3,2,2.7500,point_in_time,2000-08-15
spf,cpi,2000,3,3,2.8000,point_in_time,2000-08-15
spf,cpi,2000,3,4,2.7000,point_in_time,2000-08-15
spf,cpi,2000,3,5,2.6000,point_in_time,2000-08-15
spf,cpi,2000,4,0,3.1000,point_in_time,2000-11-15
spf,cpi,2000,4,1,3.0000,point_in_time,2000-11-15
spf,cpi,2000,4,2,2.8000,point_in_time,2000-11-15
spf,cpi,2000,4,3,2.7000,point_in_time,2000-11-15
spf,cpi,2000,4,4,2.6000,point_in_time,2000-11-15
spf,cpi,2000,4,5,2.6000,point_in_time,2000-11-15
spf,cpi,2001,1,0,2.7000,point_in_time,2001-02-15
spf,cpi,2001,1,1,2.7000,point_in_time,2001-02-15
spf,cpi,2001,1,2,2.5000,point_in_time,2001-02-15
spf,cpi,2001,1,3,2.5000,point_in_time,2001-02-15
spf,cpi,2001,1,4,2.4000,point_in_time,2001-02-15
spf,cpi,2001,1,5,2.5500,point_in_time,2001-02-15
spf,cpi,2001,2,0,4.2000,point_in_time,2001-05-15
spf,cpi,2001,2,1,3.0500,point_in_time,2001-05-15
spf,cpi,2001,2,2,2.5000,point_in_time,2001-05-15
spf,cpi,2001,2,3,2.5000,point_in_time,2001-05-15
spf,cpi,2001,2,4,2.5500,point_in_time,2001-05-15
spf,cpi,2001,2,5,2.5000,point_in_time,2001-05-15
spf,cpi,2001,3,0,3.1000,point_in_time,2001-08-15
spf,cpi,2001,3,1,2.4000,point_in_time,2001-08-15
spf,cpi,2001,3,2,2.5000,point_in_time,2001-08-15
spf,cpi,2001,3,3,2.6000,point_in_time,2001-08-15
spf,cpi,2001,3,4,2.6000,point_in_time,2001-08-15
spf,cpi,2001,3,5,2.7000,point_in_time,2001-08-15
spf,cpi,2001,4,0,0.7000,point_in_time,2001-11-15
spf,cpi,2001,4,1,1.6000,point_in_time,2001-11-15
spf,cpi,2001,4,2,1.9000,point_in_time,2001-11-15
spf,cpi,2001,4,3,2.1000,point_in_time,2001-11-15
spf,cpi,2001,4,4,2.1500,point_in_time,2001-11-15
spf,cpi,2001,4,5,2.4500,point_in_time,2001-11-15
spf,cpi,2002,1,0,-0.4000,point_in_time,2002-02-15
spf,cpi,2002,1,1,1.4000,point_in_time,2002-02-15
spf,cpi,2002,1,2,2.0000,point_in_time,2002-02-15
spf,cpi,2002,1,3,2.1000,point_in_time,2002-02-15
spf,cpi,2002,1,4,2.3000,point_in_time,2002-02-15
spf,cpi,2002,1,5,2.4000,point_in_time,2002-02-15
spf,cpi,2002,2,0,1.4000,point_in_time,2002-05-15
spf,cpi,2002,2,1,3.0000,point_in_time,2002-05-15
spf,cpi,2002,2,2,2.2000,point_in_time,2002-05-15
spf,cpi,2002,2,3,2.2000,point_in_time,2002-05-15
spf,cpi,2002,2,4,2.5000,point_in_time,2002-05-15
spf,cpi,2002,2,5,2.5000,point_in_time,2002-05-15
spf,cpi,2002,3,0,3.4000,point_in_time,2002-08-15
spf,cpi,2002,3,1,2.0000,point_in_time,2002-08-15
spf,cpi,2002,3,2,2.1000,point_in_time,2002-08-15
spf,cpi,2002,3,3,2.2500,point_in_time,2002-08-15
spf,cpi,2002,3,4,2.4000,point_in_time,2002-08-15
spf,cpi,2002,3,5,2.4000,point_in_time,2002-08-15
spf,cpi,2002,4,0,1.9000,point_in_time,2002-11-15
spf,cpi,2002,4,1,2.3000,point_in_time,2002-11-15
spf,cpi,2002,4,2,2.2000,point_in_time,2002-11-15
spf,cpi,2002,4,3,2.1500,point_in_time,2002-11-15
spf,cpi,2002,4,4,2.2000,point_in_time,2002-11-15
spf,cpi,2002,4,5,2.2000,point_in_time,2002-11-15
spf,cpi,2003,1,0,2.4000,point_in_time,2003-02-15
spf,cpi,2003,1,1,2.5000,point_in_time,2003-02-15
spf,cpi,2003,1,2,2.1000,point_in_time,2003-02-15
spf,cpi,2003,1,3,2.0000,point_in_time,2003-02-15
spf,cpi,2003,1,4,2.2000,point_in_time,2003-02-15
spf,cpi,2003,1,5,2.2000,point_in_time,2003-02-15
spf,cpi,2003,2,0,3.9000,point_in_time,2003-05-15
spf,cpi,2003,2,1,2.0000,point_in_time,2003-05-15
spf,cpi,2003,2,2,1.8150,point_in_time,2003-05-15
spf,cpi,2003,2,3,2.0550,point_in_time,2003-05-15
spf,cpi,2003,2,4,2.2000,point_in_time,2003-05-15
spf,cpi,2003,2,5,2.3000,point_in_time,2003-05-15
spf,cpi,2003,3,0,0.6000,point_in_time,2003-08-15
spf,cpi,2003,3,1,1.5500,point_in_time,2003-08-15
spf,cpi,2003,3,2,1.4000,point_in_time,2003-08-15
spf,cpi,2003,3,3,1.9500,point_in_time,2003-08-15
spf,cpi,2003,3,4,1.9000,point_in_time,2003-08-15
spf,cpi,2003,3,5,2.0500,point_in_time,2003-08-15
spf,cpi,2003,4,0,2.3000,point_in_time,2003-11-15
spf,cpi,2003,4,1,2.2000,point_in_time,2003-11-15
spf,cpi,2003,4,2,2.1000,point_in_time,2003-11-15
spf,cpi,2003,4,3,2.0000,point_in_time,2003-11-15
spf,cpi,2003,4,4,2.2000,point_in_time,2003-11-15
spf,cpi,2003,4,5,2.2000,point_in_time,2003-11-15
spf,cpi,2004,1,0,0.9000,point_in_time,2004-02-15
spf,cpi,2004,1,1,1.7000,point_in_time,2004-02-15
spf,cpi,2004,1,2,1.5000,point_in_time,2004-02-15
spf,cpi,2004,1,3,1.5000,point_in_time,2004-02-15
spf,cpi,2004,1,4,1.7100,point_in_time,2004-02-15
spf,cpi,2004,1,5,1.8000,point_in_time,2004-02-15
spf,cpi,2004,2,0,3.6000,point_in_time,2004-05-15
spf,cpi,2004,2,1,2.9000,point_in_time,2004-05-15
spf,cpi,2004,2,2,2.2000,point_in_time,2004-05-15
spf,cpi,2004,2,3,2.0000,point_in_time,2004-05-15
spf,cpi,2004,2,4,2.1275,point_in_time,2004-05-15
spf,cpi,2004,2,5,2.2000,point_in_time,2004-05-15
spf,cpi,2004,3,0,4.7000,point_in_time,2004-08-15
spf,cpi,2004,3,1,3.0000,point_in_time,2004-08-15
spf,cpi,2004,3,2,2.3000,point_in_time,2004-08-15
spf,cpi,2004,3,3,2.3000,point_in_time,2004-08-15
spf,cpi,2004,3,4,2.3000,point_in_time,2004-08-15
spf,cpi,2004,3,5,2.3000,point_in_time,2004-08-15
spf,cpi,2004,4,0,1.9000,point_in_time,2004-11-15
spf,cpi,2004,4,1,2.5500,point_in_time,2004-11-15
spf,cpi,2004,4,2,2.3000,point_in_time,2004-11-15
spf,cpi,2004,4,3,2.2000,point_in_time,2004-11-15
spf,cpi,2004,4,4,2.2440,point_in_time,2004-11-15
spf,cpi,2004,4,5,2.3080,point_in_time,2004-11-15
spf,cpi,2005,1,0,3.4000,point_in_time,2005-02-15
spf,cpi,2005,1,1,2.1500,point_in_time,2005-02-15
spf,cpi,2005,1,2,2.2000,point_in_time,2005-02-15
spf,cpi,2005,1,3,2.2000,point_in_time,2005-02-15
spf,cpi,2005,1,4,2.3000,point_in_time,2005-02-15
spf,cpi,2005,1,5,2.3000,point_in_time,2005-02-15
spf,cpi,2005,2,0,2.4000,point_in_time,2005-05-15
spf,cpi,2005,2,1,3.3000,point_in_time,2005-05-15
spf,cpi,2005,2,2,2.3000,point_in_time,2005-05-15
spf,cpi,2005,2,3,2.4000,point_in_time,2005-05-15
spf,cpi,2005,2,4,2.4000,point_in_time,2005-05-15
spf,cpi,2005,2,5,2.4000,point_in_time,2005-05-15
spf,cpi,2005,3,0,4.2000,point_in_time,2005-08-15
spf,cpi,2005,3,1,2.8110,point_in_time,2005-08-15
spf,cpi,2005,3,2,2.4490,point_in_time,2005-08-15
spf,cpi,2005,3,3,2.4000,point_in_time,2005-08-15
spf,cpi,2005,3,4,2.5000,point_in_time,2005-08-15
spf,cpi,2005,3,5,2.4000,point_in_time,2005-08-15
spf,cpi,2005,4,0,5.1000,point_in_time,2005-11-15
spf,cpi,2005,4,1,3.9000,point_in_time,2005-11-15
spf,cpi,2005,4,2,2.4290,point_in_time,2005-11-15
spf,cpi,2005,4,3,2.3430,point_in_time,2005-11-15
spf,cpi,2005,4,4,2.4000,point_in_time,2005-11-15
spf,cpi,2005,4,5,2.4000,point_in_time,2005-11-15
spf,cpi,2006,1,0,3.2000,point_in_time,2006-02-15
spf,cpi,2006,1,1,2.0000,point_in_time,2006-02-15
spf,cpi,2006,1,2,2.5000,point_in_time,2006-02-15
spf,cpi,2006,1,3,2.5000,point_in_time,2006-02-15
spf,cpi,2006,1,4,2.4180,point_in_time,2006-02-15
spf,cpi,2006,1,5,2.3000,point_in_time,2006-02-15
spf,cpi,2006,2,0,2.2000,point_in_time,2006-05-15
spf,cpi,2006,2,1,3.4000,point_in_time,2006-05-15
spf,cpi,2006,2,2,2.5518,point_in_time,2006-05-15
spf,cpi,2006,2,3,2.4406,point_in_time,2006-05-15
spf,cpi,2006,2,4,2.3038,point_in_time,2006-05-15
spf,cpi,2006,2,5,2.2500,point_in_time,2006-05-15
spf,cpi,2006,3,0,5.0000,point_in_time,2006-08-15
spf,cpi,2006,3,1,3.6000,point_in_time,2006-08-15
spf,cpi,2006,3,2,2.7705,point_in_time,2006-08-15
spf,cpi,2006,3,3,2.7000,point_in_time,2006-08-15
spf,cpi,2006,3,4,2.5500,point_in_time,2006-08-15
spf,cpi,2006,3,5,2.4929,point_in_time,2006-08-15
spf,cpi,2006,4,0,2.9000,point_in_time,2006-11-15
spf,cpi,2006,4,1,-0.3000,point_in_time,2006-11-15
spf,cpi,2006,4,2,2.8000,point_in_time,2006-11-15
spf,cpi,2006,4,3,2.6493,point_in_time,2006-11-15
spf,cpi,2006,4,4,2.5262,point_in_time,2006-11-15
spf,cpi,2006,4,5,2.4967,point_in_time,2006-11-15
spf,cpi,2007,1,0,-2.2000,point_in_time,2007-02-15
spf,cpi,2007,1,1,2.4178,point_in_time,2007-02-15
spf,cpi,2007,1,2,2.6000,point_in_time,2007-02-15
spf,cpi,2007,1,3,2.5253,point_in_time,2007-02-15
spf,cpi,2007,1,4,2.4000,point_in_time,2007-02-15
spf,cpi,2007,1,5,2.3000,point_in_time,2007-02-15
spf,cpi,2007,2,0,3.8000,point_in_time,2007-05-15
spf,cpi,2007,2,1,4.2000,point_in_time,2007-05-15
spf,cpi,2007,2,2,2.5000,point_in_time,2007-05-15
spf,cpi,2007,2,3,2.3099,point_in_time,2007-05-15
spf,cpi,2007,2,4,2.4267,point_in_time,2007-05-15
spf,cpi,2007,2,5,2.5000,point_in_time,2007-05-15
spf,cpi,2007,3,0,6.0000,point_in_time,2007-08-15
spf,cpi,2007,3,1,2.5786,point_in_time,2007-08-15
spf,cpi,2007,3,2,1.9572,point_in_time,2007-08-15
spf,cpi,2007,3,3,2.3123,point_in_time,2007-08-15
spf,cpi,2007,3,4,2.3500,point_in_time,2007-08-15
spf,cpi,2007,3,5,2.2950,point_in_time,2007-08-15
spf,cpi,2007,4,0,1.9000,point_in_time,2007-11-15
spf,cpi,2007,4,1,3.0000,point_in_time,2007-11-15
spf,cpi,2007,4,2,2.9000,point_in_time,2007-11-15
spf,cpi,2007,4,3,2.4179,point_in_time,2007-11-15
spf,cpi,2007,4,4,2.2500,point_in_time,2007-11-15
spf,cpi,2007,4,5,2.2033,point_in_time,2007-11-15
spf,cpi,2008,1,0,4.3000,point_in_time,2008-02-15
spf,cpi,2008,1,1,3.4850,point_in_time,2008-02-15
spf,cpi,2008,1,2,2.4151,point_in_time,2008-02-15
spf,cpi,2008,1,3,2.5000,point_in_time,2008-02-15
spf,cpi,2008,1,4,2.2127,point_in_time,2008-02-15
spf,cpi,2008,1,5,2.4000,point_in_time,2008-02-15
spf,cpi,2008,2,0,4.3000,point_in_time,2008-05-15
spf,cpi,2008,2,1,3.5000,point_in_time,2008-05-15
spf,cpi,2008,2,2,3.2000,point_in_time,2008-05-15
spf,cpi,2008,2,3,2.4625,point_in_time,2008-05-15
spf,cpi,2008,2,4,2.6000,point_in_time,2008-05-15
spf,cpi,2008,2,5,2.4000,point_in_time,2008-05-15
spf,cpi,2008,3,0,5.0000,point_in_time,2008-08-15
spf,cpi,2008,3,1,5.3000,point_in_time,2008-08-15
spf,cpi,2008,3,2,2.8934,point_in_time,2008-08-15
spf,cpi,2008,3,3,2.6000,point_in_time,2008-08-15
spf,cpi,2008,3,4,2.3000,point_in_time,2008-08-15
spf,cpi,2008,3,5,2.3000,point_in_time,2008-08-15
spf,cpi,2008,4,0,6.7000,point_in_time,2008-11-15
spf,cpi,2008,4,1,-2.6000,point_in_time,2008-11-15
spf,cpi,2008,4,2,0.8022,point_in_time,2008-11-15
spf,cpi,2008,4,3,1.8000,point_in_time,2008-11-15
spf,cpi,2008,4,4,2.2000,point_in_time,2008-11-15
spf,cpi,2008,4,5,2.2282,point_in_time,2008-11-15
spf,cpi,2009,1,0,-9.2000,point_in_time,2009-02-15
spf,cpi,2009,1,1,-2.7198,point_in_time,2009-02-15
spf,cpi,2009,1,2,0.8175,point_in_time,2009-02-15
spf,cpi,2009,1,3,1.6566,point_in_time,2009-02-15
spf,cpi,2009,1,4,1.8000,point_in_time,2009-02-15
spf,cpi,2009,1,5,1.9500,point_in_time,2009-02-15
spf,cpi,2009,2,0,-2.4000,point_in_time,2009-05-15
spf,cpi,2009,2,1,0.7000,point_in_time,2009-05-15
spf,cpi,2009,2,2,1.6000,point_in_time,2009-05-15
spf,cpi,2009,2,3,1.4782,point_in_time,2009-05-15
spf,cpi,2009,2,4,1.7500,point_in_time,2009-05-15
spf,cpi,2009,2,5,2.0000,point_in_time,2009-05-15
spf,cpi,2009,3,0,1.3000,point_in_time,2009-08-15
spf,cpi,2009,3,1,2.4000,point_in_time,2009-08-15
spf,cpi,2009,3,2,1.6000,point_in_time,2009-08-15
spf,cpi,2009,3,3,1.7091,point_in_time,2009-08-15
spf,cpi,2009,3,4,1.9000,point_in_time,2009-08-15
spf,cpi,2009,3,5,2.0000,point_in_time,2009-08-15
spf,cpi,2009,4,0,3.6000,point_in_time,2009-11-15
spf,cpi,2009,4,1,2.0538,point_in_time,2009-11-15
spf,cpi,2009,4,2,1.5072,point_in_time,2009-11-15
spf,cpi,2009,4,3,1.4500,point_in_time,2009-11-15
spf,cpi,2009,4,4,1.7750,point_in_time,2009-11-15
spf,cpi,2009,4,5,1.8000,point_in_time,2009-11-15
spf,cpi,2010,1,0,3.4000,point_in_time,2010-02-15
spf,cpi,2010,1,1,2.1000,point_in_time,2010-02-15
spf,cpi,2010,1,2,1.4000,point_in_time,2010-02-15
spf,cpi,2010,1,3,1.8000,point_in_time,2010-02-15
spf,cpi,2010,1,4,1.9042,point_in_time,2010-02-15
spf,cpi,2010,1,5,2.0500,point_in_time,2010-02-15
spf,cpi,2010,2,0,1.5000,point_in_time,2010-05-15
spf,cpi,2010,2,1,1.4305,point_in_time,2010-05-15
spf,cpi,2010,2,2,1.8000,point_in_time,2010-05-15
spf,cpi,2010,2,3,1.8000,point_in_time,2010-05-15
spf,cpi,2010,2,4,1.9100,point_in_time,2010-05-15
spf,cpi,2010,2,5,2.0000,point_in_time,2010-05-15
spf,cpi,2010,3,0,-0.7000,point_in_time,2010-08-15
spf,cpi,2010,3,1,1.4000,point_in_time,2010-08-15
spf,cpi,2010,3,2,1.6000,point_in_time,2010-08-15
spf,cpi,2010,3,3,1.7514,point_in_time,2010-08-15
spf,cpi,2010,3,4,1.6000,point_in_time,2010-08-15
spf,cpi,2010,3,5,1.9328,point_in_time,2010-08-15
spf,cpi,2010,4,0,1.5000,point_in_time,2010-11-15
spf,cpi,2010,4,1,1.8778,point_in_time,2010-11-15
spf,cpi,2010,4,2,1.6010,point_in_time,2010-11-15
spf,cpi,2010,4,3,1.2859,point_in_time,2010-11-15
spf,cpi,2010,4,4,1.7500,point_in_time,2010-11-15
spf,cpi,2010,4,5,1.8000,point_in_time,2010-11-15
spf,cpi,2011,1,0,2.6000,point_in_time,2011-02-15
spf,cpi,2011,1,1,2.5000,point_in_time,2011-02-15
spf,cpi,2011,1,2,1.3000,point_in_time,2011-02-15
spf,cpi,2011,1,3,1.8000,point_in_time,2011-02-15
spf,cpi,2011,1,4,1.8000,point_in_time,2011-02-15
spf,cpi,2011,1,5,2.0000,point_in_time,2011-02-15
spf,cpi,2011,2,0,5.2000,point_in_time,2011-05-15
spf,cpi,2011,2,1,3.5000,point_in_time,2011-05-15
spf,cpi,2011,2,2,2.2000,point_in_time,2011-05-15
spf,cpi,2011,2,3,2.0000,point_in_time,2011-05-15
spf,cpi,2011,2,4,2.2500,point_in_time,2011-05-15
spf,cpi,2011,2,5,2.0717,point_in_time,2011-05-15
spf,cpi,2011,3,0,4.1000,point_in_time,2011-08-15
spf,cpi,2011,3,1,1.4704,point_in_time,2011-08-15
spf,cpi,2011,3,2,2.0000,point_in_time,2011-08-15
spf,cpi,2011,3,3,2.0000,point_in_time,2011-08-15
spf,cpi,2011,3,4,2.0500,point_in_time,2011-08-15
spf,cpi,2011,3,5,2.0000,point_in_time,2011-08-15
spf,cpi,2011,4,0,3.1000,point_in_time,2011-11-15
spf,cpi,2011,4,1,2.0400,point_in_time,2011-11-15
spf,cpi,2011,4,2,2.0008,point_in_time,2011-11-15
spf,cpi,2011,4,3,1.9000,point_in_time,2011-11-15
spf,cpi,2011,4,4,2.0000,point_in_time,2011-11-15
spf,cpi,2011,4,5,1.9761,point_in_time,2011-11-15
spf,cpi,2012,1,0,0.9000,point_in_time,2012-02-15
spf,cpi,2012,1,1,2.0000,point_in_time,2012-02-15
spf,cpi,2012,1,2,2.0000,point_in_time,2012-02-15
spf,cpi,2012,1,3,2.1000,point_in_time,2012-02-15
spf,cpi,2012,1,4,2.1000,point_in_time,2012-02-15
spf,cpi,2012,1,5,2.1000,point_in_time,2012-02-15
spf,cpi,2012,2,0,2.5000,point_in_time,2012-05-15
spf,cpi,2012,2,1,2.1000,point_in_time,2012-05-15
spf,cpi,2012,2,2,2.2600,point_in_time,2012-05-15
spf,cpi,2012,2,3,2.1000,point_in_time,2012-05-15
spf,cpi,2012,2,4,2.2000,point_in_time,2012-05-15
spf,cpi,2012,2,5,2.1724,point_in_time,2012-05-15
spf,cpi,2012,3,0,0.8000,point_in_time,2012-08-15
spf,cpi,2012,3,1,1.5000,point_in_time,2012-08-15
spf,cpi,2012,3,2,2.0046,point_in_time,2012-08-15
spf,cpi,2012,3,3,2.1000,point_in_time,2012-08-15
spf,cpi,2012,3,4,2.1000,point_in_time,2012-08-15
spf,cpi,2012,3,5,2.2348,point_in_time,2012-08-15
spf,cpi,2012,4,0,2.3000,point_in_time,2012-11-15
spf,cpi,2012,4,1,2.2896,point_in_time,2012-11-15
spf,cpi,2012,4,2,2.1000,point_in_time,2012-11-15
spf,cpi,2012,4,3,2.2086,point_in_time,2012-11-15
spf,cpi,2012,4,4,2.2000,point_in_time,2012-11-15
spf,cpi,2012,4,5,2.2637,point_in_time,2012-11-15
spf,cpi,2013,1,0,2.1000,point_in_time,2013-02-15
spf,cpi,2013,1,1,1.8000,point_in_time,2013-02-15
spf,cpi,2013,1,2,2.1000,point_in_time,2013-02-15
spf,cpi,2013,1,3,2.1000,point_in_time,2013-02-15
spf,cpi,2013,1,4,2.1000,point_in_time,2013-02-15
spf,cpi,2013,1,5,2.1000,point_in_time,2013-02-15
spf,cpi,2013,2,0,1.4000,point_in_time,2013-05-15
spf,cpi,2013,2,1,1.6000,point_in_time,2013-05-15
spf,cpi,2013,2,2,2.0000,point_in_time,2013-05-15
spf,cpi,2013,2,3,2.0000,point_in_time,2013-05-15
spf,cpi,2013,2,4,2.0000,point_in_time,2013-05-15
spf,cpi,2013,2,5,2.1657,point_in_time,2013-05-15
spf,cpi,2013,3,0,0.0000,point_in_time,2013-08-15
spf,cpi,2013,3,1,2.0000,point_in_time,2013-08-15
spf,cpi,2013,3,2,1.7000,point_in_time,2013-08-15
spf,cpi,2013,3,3,1.7510,point_in_time,2013-08-15
spf,cpi,2013,3,4,1.9000,point_in_time,2013-08-15
spf,cpi,2013,3,5,2.1000,point_in_time,2013-08-15
spf,cpi,2013,4,0,2.6000,point_in_time,2013-11-15
spf,cpi,2013,4,1,1.6462,point_in_time,2013-11-15
spf,cpi,2013,4,2,1.8000,point_in_time,2013-11-15
spf,cpi,2013,4,3,1.9953,point_in_time,2013-11-15
spf,cpi,2013,4,4,2.0008,point_in_time,2013-11-15
spf,cpi,2013,4,5,2.1400,point_in_time,2013-11-15
spf,cpi,2014,1,0,0.9000,point_in_time,2014-02-15
spf,cpi,2014,1,1,1.7000,point_in_time,2014-02-15
spf,cpi,2014,1,2,1.6554,point_in_time,2014-02-15
spf,cpi,2014,1,3,1.9345,point_in_time,2014-02-15
spf,cpi,2014,1,4,1.9628,point_in_time,2014-02-15
spf,cpi,2014,1,5,2.0000,point_in_time,2014-02-15
spf,cpi,2014,2,0,1.9000,point_in_time,2014-05-15
spf,cpi,2014,2,1,1.8787,point_in_time,2014-05-15
spf,cpi,2014,2,2,1.9233,point_in_time,2014-05-15
spf,cpi,2014,2,3,1.9000,point_in_time,2014-05-15
spf,cpi,2014,2,4,2.0100,point_in_time,2014-05-15
spf,cpi,2014,2,5,2.0000,point_in_time,2014-05-15
spf,cpi,2014,3,0,3.0000,point_in_time,2014-08-15
spf,cpi,2014,3,1,2.2000,point_in_time,2014-08-15
spf,cpi,2014,3,2,2.0361,point_in_time,2014-08-15
spf,cpi,2014,3,3,2.1000,point_in_time,2014-08-15
spf,cpi,2014,3,4,2.1600,point_in_time,2014-08-15
spf,cpi,2014,3,5,2.1000,point_in_time,2014-08-15
spf,cpi,2014,4,0,1.1000,point_in_time,2014-11-15
spf,cpi,2014,4,1,1.0400,point_in_time,2014-11-15
spf,cpi,2014,4,2,1.8000,point_in_time,2014-11-15
spf,cpi,2014,4,3,1.9000,point_in_time,2014-11-15
spf,cpi,2014,4,4,1.9650,point_in_time,2014-11-15
spf,cpi,2014,4,5,2.0000,point_in_time,2014-11-15
spf,cpi,2015,1,0,-1.2000,point_in_time,2015-02-15
spf,cpi,2015,1,1,-1.3846,point_in_time,2015-02-15
spf,cpi,2015,1,2,1.6200,point_in_time,2015-02-15
spf,cpi,2015,1,3,1.9000,point_in_time,2015-02-15
spf,cpi,2015,1,4,1.9558,point_in_time,2015-02-15
spf,cpi,2015,1,5,2.1000,point_in_time,2015-02-15
spf,cpi,2015,2,0,-3.1000,point_in_time,2015-05-15
spf,cpi,2015,2,1,1.9000,point_in_time,2015-05-15
spf,cpi,2015,2,2,1.9500,point_in_time,2015-05-15
spf,cpi,2015,2,3,1.9000,point_in_time,2015-05-15
spf,cpi,2015,2,4,1.9425,point_in_time,2015-05-15
spf,cpi,2015,2,5,2.1000,point_in_time,2015-05-15
spf,cpi,2015,3,0,3.0000,point_in_time,2015-08-15
spf,cpi,2015,3,1,2.0000,point_in_time,2015-08-15
spf,cpi,2015,3,2,1.7993,point_in_time,2015-08-15
spf,cpi,2015,3,3,2.0000,point_in_time,2015-08-15
spf,cpi,2015,3,4,2.1568,point_in_time,2015-08-15
spf,cpi,2015,3,5,2.2130,point_in_time,2015-08-15
spf,cpi,2015,4,0,1.6000,point_in_time,2015-11-15
spf,cpi,2015,4,1,0.8860,point_in_time,2015-11-15
spf,cpi,2015,4,2,1.8022,point_in_time,2015-11-15
spf,cpi,2015,4,3,2.1375,point_in_time,2015-11-15
spf,cpi,2015,4,4,2.0640,point_in_time,2015-11-15
spf,cpi,2015,4,5,2.1706,point_in_time,2015-11-15
spf,cpi,2016,1,0,0.2000,point_in_time,2016-02-15
spf,cpi,2016,1,1,0.4000,point_in_time,2016-02-15
spf,cpi,2016,1,2,1.6000,point_in_time,2016-02-15
spf,cpi,2016,1,3,2.1152,point_in_time,2016-02-15
spf,cpi,2016,1,4,2.1000,point_in_time,2016-02-15
spf,cpi,2016,1,5,2.1254,point_in_time,2016-02-15
spf,cpi,2016,2,0,-0.3000,point_in_time,2016-05-15
spf,cpi,2016,2,1,1.9000,point_in_time,2016-05-15
spf,cpi,2016,2,2,2.0029,point_in_time,2016-05-15
spf,cpi,2016,2,3,2.1000,point_in_time,2016-05-15
spf,cpi,2016,2,4,2.0100,point_in_time,2016-05-15
spf,cpi,2016,2,5,2.1166,point_in_time,2016-05-15
spf,cpi,2016,3,0,2.5000,point_in_time,2016-08-15
spf,cpi,2016,3,1,2.0000,point_in_time,2016-08-15
spf,cpi,2016,3,2,2.2000,point_in_time,2016-08-15
spf,cpi,2016,3,3,2.2000,point_in_time,2016-08-15
spf,cpi,2016,3,4,2.2103,point_in_time,2016-08-15
spf,cpi,2016,3,5,2.3000,point_in_time,2016-08-15
spf,cpi,2016,4,0,1.6000,point_in_time,2016-11-15
spf,cpi,2016,4,1,2.2069,point_in_time,2016-11-15
spf,cpi,2016,4,2,2.1765,point_in_time,2016-11-15
spf,cpi,2016,4,3,2.2000,point_in_time,2016-11-15
spf,cpi,2016,4,4,2.2200,point_in_time,2016-11-15
spf,cpi,2016,4,5,2.2149,point_in_time,2016-11-15
spf,cpi,2017,1,0,3.4000,point_in_time,2017-02-15
spf,cpi,2017,1,1,2.4901,point_in_time,2017-02-15
spf,cpi,2017,1,2,2.2884,point_in_time,2017-02-15
spf,cpi,2017,1,3,2.3000,point_in_time,2017-02-15
spf,cpi,2017,1,4,2.4500,point_in_time,2017-02-15
spf,cpi,2017,1,5,2.4000,point_in_time,2017-02-15
spf,cpi,2017,2,0,3.1000,point_in_time,2017-05-15
spf,cpi,2017,2,1,1.5600,point_in_time,2017-05-15
spf,cpi,2017,2,2,2.2000,point_in_time,2017-05-15
spf,cpi,2017,2,3,2.3000,point_in_time,2017-05-15
spf,cpi,2017,2,4,2.4000,point_in_time,2017-05-15
spf,cpi,2017,2,5,2.2000,point_in_time,2017-05-15
spf,cpi,2017,3,0,-0.3000,point_in_time,2017-08-15
spf,cpi,2017,3,1,1.6473,point_in_time,2017-08-15
spf,cpi,2017,3,2,2.3183,point_in_time,2017-08-15
spf,cpi,2017,3,3,2.2000,point_in_time,2017-08-15
spf,cpi,2017,3,4,2.1234,point_in_time,2017-08-15
spf,cpi,2017,3,5,2.1795,point_in_time,2017-08-15
spf,cpi,2017,4,0,2.0000,point_in_time,2017-11-15
spf,cpi,2017,4,1,2.3000,point_in_time,2017-11-15
spf,cpi,2017,4,2,2.0700,point_in_time,2017-11-15
spf,cpi,2017,4,3,2.0182,point_in_time,2017-11-15
spf,cpi,2017,4,4,2.1750,point_in_time,2017-11-15
spf,cpi,2017,4,5,2.0998,point_in_time,2017-11-15
spf,cpi,2018,1,0,3.7000,point_in_time,2018-02-15
spf,cpi,2018,1,1,2.7000,point_in_time,2018-02-15
spf,cpi,2018,1,2,2.0200,point_in_time,2018-02-15
spf,cpi,2018,1,3,2.3000,point_in_time,2018-02-15
spf,cpi,2018,1,4,2.2270,point_in_time,2018-02-15
spf,cpi,2018,1,5,2.3000,point_in_time,2018-02-15
spf,cpi,2018,2,0,3.5000,point_in_time,2018-05-15
spf,cpi,2018,2,1,1.9060,point_in_time,2018-05-15
spf,cpi,2018,2,2,2.2012,point_in_time,2018-05-15
spf,cpi,2018,2,3,2.2900,point_in_time,2018-05-15
spf,cpi,2018,2,4,2.3000,point_in_time,2018-05-15
spf,cpi,2018,2,5,2.2477,point_in_time,2018-05-15
spf,cpi,2018,3,0,1.7000,point_in_time,2018-08-15
spf,cpi,2018,3,1,2.3000,point_in_time,2018-08-15
spf,cpi,2018,3,2,2.3000,point_in_time,2018-08-15
spf,cpi,2018,3,3,2.3756,point_in_time,2018-08-15
spf,cpi,2018,3,4,2.0605,point_in_time,2018-08-15
spf,cpi,2018,3,5,2.3000,point_in_time,2018-08-15
spf,cpi,2018,4,0,2.0000,point_in_time,2018-11-15
spf,cpi,2018,4,1,2.3363,point_in_time,2018-11-15
spf,cpi,2018,4,2,2.4134,point_in_time,2018-11-15
spf,cpi,2018,4,3,2.3000,point_in_time,2018-11-15
spf,cpi,2018,4,4,2.3500,point_in_time,2018-11-15
spf,cpi,2018,4,5,2.4000,point_in_time,2018-11-15
spf,cpi,2019,1,0,1.5000,point_in_time,2019-02-15
spf,cpi,2019,1,1,1.1000,point_in_time,2019-02-15
spf,cpi,2019,1,2,2.3000,point_in_time,2019-02-15
spf,cpi,2019,1,3,2.3073,point_in_time,2019-02-15
spf,cpi,2019,1,4,2.2000,point_in_time,2019-02-15
spf,cpi,2019,1,5,2.2532,point_in_time,2019-02-15
spf,cpi,2019,2,0,0.9000,point_in_time,2019-05-15
spf,cpi,2019,2,1,2.4061,point_in_time,2019-05-15
spf,cpi,2019,2,2,2.1239,point_in_time,2019-05-15
spf,cpi,2019,2,3,2.1000,point_in_time,2019-05-15
spf,cpi,2019,2,4,2.1183,point_in_time,2019-05-15
spf,cpi,2019,2,5,2.0000,point_in_time,2019-05-15
spf,cpi,2019,3,0,2.9000,point_in_time,2019-08-15
spf,cpi,2019,3,1,1.8800,point_in_time,2019-08-15
spf,cpi,2019,3,2,2.0880,point_in_time,2019-08-15
spf,cpi,2019,3,3,2.0053,point_in_time,2019-08-15
spf,cpi,2019,3,4,2.0000,point_in_time,2019-08-15
spf,cpi,2019,3,5,2.0541,point_in_time,2019-08-15
spf,cpi,2019,4,0,1.8000,point_in_time,2019-11-15
spf,cpi,2019,4,1,1.8000,point_in_time,2019-11-15
spf,cpi,2019,4,2,2.2000,point_in_time,2019-11-15
spf,cpi,2019,4,3,2.1000,point_in_time,2019-11-15
spf,cpi,2019,4,4,2.1538,point_in_time,2019-11-15
spf,cpi,2019,4,5,2.1000,point_in_time,2019-11-15
spf,cpi,2020,1,0,2.6000,point_in_time,2020-02-15
spf,cpi,2020,1,1,2.0000,point_in_time,2020-02-15
spf,cpi,2020,1,2,2.0000,point_in_time,2020-02-15
spf,cpi,2020,1,3,2.2000,point_in_time,2020-02-15
spf,cpi,2020,1,4,2.2331,point_in_time,2020-02-15
spf,cpi,2020,1,5,2.2000,point_in_time,2020-02-15
spf,cpi,2020,2,0,1.2000,point_in_time,2020-05-15
spf,cpi,2020,2,1,-2.5789,point_in_time,2020-05-15
spf,cpi,2020,2,2,1.5000,point_in_time,2020-05-15
spf,cpi,2020,2,3,1.9370,point_in_time,2020-05-15
spf,cpi,2020,2,4,2.0000,point_in_time,2020-05-15
spf,cpi,2020,2,5,2.0000,point_in_time,2020-05-15
spf,cpi,2020,3,0,-3.5000,point_in_time,2020-08-15
spf,cpi,2020,3,1,2.3365,point_in_time,2020-08-15
spf,cpi,2020,3,2,1.6118,point_in_time,2020-08-15
spf,cpi,2020,3,3,1.7679,point_in_time,2020-08-15
spf,cpi,2020,3,4,1.6000,point_in_time,2020-08-15
spf,cpi,2020,3,5,2.1000,point_in_time,2020-08-15
spf,cpi,2020,4,0,5.2000,point_in_time,2020-11-15
spf,cpi,2020,4,1,2.0082,point_in_time,2020-11-15
spf,cpi,2020,4,2,2.0000,point_in_time,2020-11-15
spf,cpi,2020,4,3,2.0000,point_in_time,2020-11-15
spf,cpi,2020,4,4,2.1000,point_in_time,2020-11-15
spf,cpi,2020,4,5,2.1682,point_in_time,2020-11-15
spf,cpi,2021,1,0,2.2000,point_in_time,2021-02-15
spf,cpi,2021,1,1,2.4962,point_in_time,2021-02-15
spf,cpi,2021,1,2,2.1321,point_in_time,2021-02-15
spf,cpi,2021,1,3,2.0864,point_in_time,2021-02-15
spf,cpi,2021,1,4,2.2000,point_in_time,2021-02-15
spf,cpi,2021,1,5,2.2000,point_in_time,2021-02-15
spf,cpi,2021,2,0,3.7000,point_in_time,2021-05-15
spf,cpi,2021,2,1,3.2000,point_in_time,2021-05-15
spf,cpi,2021,2,2,2.5667,point_in_time,2021-05-15
spf,cpi,2021,2,3,2.3639,point_in_time,2021-05-15
spf,cpi,2021,2,4,2.3000,point_in_time,2021-05-15
spf,cpi,2021,2,5,2.2477,point_in_time,2021-05-15
spf,cpi,2021,3,0,8.4000,point_in_time,2021-08-15
spf,cpi,2021,3,1,5.1999,point_in_time,2021-08-15
spf,cpi,2021,3,2,2.6299,point_in_time,2021-08-15
spf,cpi,2021,3,3,2.1750,point_in_time,2021-08-15
spf,cpi,2021,3,4,2.3090,point_in_time,2021-08-15
spf,cpi,2021,3,5,2.4266,point_in_time,2021-08-15
spf,cpi,2021,4,0,6.6000,point_in_time,2021-11-15
spf,cpi,2021,4,1,4.6000,point_in_time,2021-11-15
spf,cpi,2021,4,2,3.0012,point_in_time,2021-11-15
spf,cpi,2021,4,3,2.6289,point_in_time,2021-11-15
spf,cpi,2021,4,4,2.4633,point_in_time,2021-11-15
spf,cpi,2021,4,5,2.3663,point_in_time,2021-11-15
spf,cpi,2022,1,0,8.2000,point_in_time,2022-02-15
spf,cpi,2022,1,1,5.5000,point_in_time,2022-02-15
spf,cpi,2022,1,2,3.8363,point_in_time,2022-02-15
spf,cpi,2022,1,3,2.7491,point_in_time,2022-02-15
spf,cpi,2022,1,4,2.7245,point_in_time,2022-02-15
spf,cpi,2022,1,5,2.5000,point_in_time,2022-02-15
spf,cpi,2022,2,0,9.2000,point_in_time,2022-05-15
spf,cpi,2022,2,1,7.1000,point_in_time,2022-05-15
spf,cpi,2022,2,2,4.5309,point_in_time,2022-05-15
spf,cpi,2022,2,3,3.7338,point_in_time,2022-05-15
spf,cpi,2022,2,4,3.1142,point_in_time,2022-05-15
spf,cpi,2022,2,5,3.0337,point_in_time,2022-05-15
spf,cpi,2022,3,0,10.5000,point_in_time,2022-08-15
spf,cpi,2022,3,1,6.6812,point_in_time,2022-08-15
spf,cpi,2022,3,2,4.3395,point_in_time,2022-08-15
spf,cpi,2022,3,3,3.5572,point_in_time,2022-08-15
spf,cpi,2022,3,4,3.4000,point_in_time,2022-08-15
spf,cpi,2022,3,5,3.0000,point_in_time,2022-08-15
spf,cpi,2022,4,0,5.7000,point_in_time,2022-11-15
spf,cpi,2022,4,1,5.4000,point_in_time,2022-11-15
spf,cpi,2022,4,2,4.4735,point_in_time,2022-11-15
spf,cpi,2022,4,3,3.4985,point_in_time,2022-11-15
spf,cpi,2022,4,4,3.1000,point_in_time,2022-11-15
spf,cpi,2022,4,5,2.9360,point_in_time,2022-11-15
spf,cpi,2023,1,0,3.1000,point_in_time,2023-02-15
spf,cpi,2023,1,1,3.3263,point_in_time,2023-02-15
spf,cpi,2023,1,2,3.4075,point_in_time,2023-02-15
spf,cpi,2023,1,3,3.0500,point_in_time,2023-02-15
spf,cpi,2023,1,4,2.7741,point_in_time,2023-02-15
spf,cpi,2023,1,5,2.6000,point_in_time,2023-02-15
spf,cpi,2023,2,0,3.8000,point_in_time,2023-05-15
spf,cpi,2023,2,1,3.5000,point_in_time,2023-05-15
spf,cpi,2023,2,2,3.2000,point_in_time,2023-05-15
spf,cpi,2023,2,3,2.9492,point_in_time,2023-05-15
spf,cpi,2023,2,4,2.7000,point_in_time,2023-05-15
spf,cpi,2023,2,5,2.4168,point_in_time,2023-05-15
spf,cpi,2023,3,0,2.7000,point_in_time,2023-08-15
spf,cpi,2023,3,1,3.0680,point_in_time,2023-08-15
spf,cpi,2023,3,2,2.9230,point_in_time,2023-08-15
spf,cpi,2023,3,3,2.6146,point_in_time,2023-08-15
spf,cpi,2023,3,4,2.5493,point_in_time,2023-08-15
spf,cpi,2023,3,5,2.5920,point_in_time,2023-08-15
spf,cpi,2023,4,0,3.6000,point_in_time,2023-11-15
spf,cpi,2023,4,1,3.2641,point_in_time,2023-11-15
spf,cpi,2023,4,2,2.7832,point_in_time,2023-11-15
spf,cpi,2023,4,3,2.6159,point_in_time,2023-11-15
spf,cpi,2023,4,4,2.5000,point_in_time,2023-11-15
spf,cpi,2023,4,5,2.4000,point_in_time,2023-11-15
spf,cpi,2024,1,0,2.8000,point_in_time,2024-02-15
spf,cpi,2024,1,1,2.5094,point_in_time,2024-02-15
spf,cpi,2024,1,2,2.5000,point_in_time,2024-02-15
spf,cpi,2024,1,3,2.4000,point_in_time,2024-02-15
spf,cpi,2024,1,4,2.3547,point_in_time,2024-02-15
spf,cpi,2024,1,5,2.2677,point_in_time,2024-02-15
spf,cpi,2024,2,0,3.8000,point_in_time,2024-05-15
spf,cpi,2024,2,1,3.4100,point_in_time,2024-05-15
spf,cpi,2024,2,2,2.8000,point_in_time,2024-05-15
spf,cpi,2024,2,3,2.5000,point_in_time,2024-05-15
spf,cpi,2024,2,4,2.4058,point_in_time,2024-05-15
spf,cpi,2024,2,5,2.3225,point_in_time,2024-05-15
spf,cpi,2024,3,0,2.8000,point_in_time,2024-08-15
spf,cpi,2024,3,1,2.3329,point_in_time,2024-08-15
spf,cpi,2024,3,2,2.5000,point_in_time,2024-08-15
spf,cpi,2024,3,3,2.4000,point_in_time,2024-08-15
spf,cpi,2024,3,4,2.3610,point_in_time,2024-08-15
spf,cpi,2024,3,5,2.3431,point_in_time,2024-08-15
spf,cpi,2024,4,0,1.2000,point_in_time,2024-11-15
spf,cpi,2024,4,1,2.2384,point_in_time,2024-11-15
spf,cpi,2024,4,2,2.3000,point_in_time,2024-11-15
spf,cpi,2024,4,3,2.4133,point_in_time,2024-11-15
spf,cpi,2024,4,4,2.2451,point_in_time,2024-11-15
spf,cpi,2024,4,5,2.2741,point_in_time,2024-11-15
spf,cpi,2025,1,0,3.1000,point_in_time,2025-02-15
spf,cpi,2025,1,1,3.0042,point_in_time,2025-02-15
spf,cpi,2025,1,2,2.8000,point_in_time,2025-02-15
spf,cpi,2025,1,3,2.6844,point_in_time,2025-02-15
spf,cpi,2025,1,4,2.6859,point_in_time,2025-02-15
spf,cpi,2025,1,5,2.6144,point_in_time,2025-02-15
spf,cpi,2025,2,0,3.8000,point_in_time,2025-05-15
spf,cpi,2025,2,1,3.1000,point_in_time,2025-05-15
spf,cpi,2025,2,2,3.4846,point_in_time,2025-05-15
spf,cpi,2025,2,3,3.1798,point_in_time,2025-05-15
spf,cpi,2025,2,4,2.9000,point_in_time,2025-05-15
spf,cpi,2025,2,5,2.6223,point_in_time,2025-05-15
spf,cpi,2025,3,0,1.6000,point_in_time,2025-08-15
spf,cpi,2025,3,1,3.0170,point_in_time,2025-08-15
spf,cpi,2025,3,2,3.0000,point_in_time,2025-08-15
spf,cpi,2025,3,3,2.6079,point_in_time,2025-08-15
spf,cpi,2025,3,4,2.5500,point_in_time,2025-08-15
spf,cpi,2025,3,5,2.5000,point_in_time,2025-08-15
spf,cpi,2025,4,0,3.1000,point_in_time,2025-11-15
spf,cpi,2025,4,1,3.0887,point_in_time,2025-11-15
spf,cpi,2025,4,2,3.0339,point_in_time,2025-11-15
spf,cpi,2025,4,3,2.8000,point_in_time,2025-11-15
spf,cpi,2025,4,4,2.6000,point_in_time,2025-11-15
spf,cpi,2025,4,5,2.6000,point_in_time,2025-11-15
spf,cpi,2026,1,0,2.4000,point_in_time,2026-02-15
spf,cpi,2026,1,1,2.6500,point_in_time,2026-02-15
spf,cpi,2026,1,2,2.7174,point_in_time,2026-02-15
spf,cpi,2026,1,3,2.5882,point_in_time,2026-02-15
spf,cpi,2026,1,4,2.5000,point_in_time,2026-02-15
spf,cpi,2026,1,5,2.4262,point_in_time,2026-02-15
spf,cpi,2026,2,0,3.7000,point_in_time,2026-05-15
spf,cpi,2026,2,1,5.9560,point_in_time,2026-05-15
spf,cpi,2026,2,2,3.0000,point_in_time,2026-05-15
spf,cpi,2026,2,3,2.5085,point_in_time,2026-05-15
spf,cpi,2026,2,4,2.5063,point_in_time,2026-05-15
spf,cpi,2026,2,5,2.4000,point_in_time,2026-05-15
spf,core_cpi,2007,1,0,1.8000,point_in_time,2007-02-15
spf,core_cpi,2007,1,1,2.2000,point_in_time,2007-02-15
spf,core_cpi,2007,1,2,2.3400,point_in_time,2007-02-15
spf,core_cpi,2007,1,3,2.4000,point_in_time,2007-02-15
spf,core_cpi,2007,1,4,2.3000,point_in_time,2007-02-15
spf,core_cpi,2007,1,5,2.2405,point_in_time,2007-02-15
spf,core_cpi,2007,2,0,2.3000,point_in_time,2007-05-15
spf,core_cpi,2007,2,1,2.1727,point_in_time,2007-05-15
spf,core_cpi,2007,2,2,2.3000,point_in_time,2007-05-15
spf,core_cpi,2007,2,3,2.3000,point_in_time,2007-05-15
spf,core_cpi,2007,2,4,2.3000,point_in_time,2007-05-15
spf,core_cpi,2007,2,5,2.2357,point_in_time,2007-05-15
spf,core_cpi,2007,3,0,1.9000,point_in_time,2007-08-15
spf,core_cpi,2007,3,1,2.3000,point_in_time,2007-08-15
spf,core_cpi,2007,3,2,2.2000,point_in_time,2007-08-15
spf,core_cpi,2007,3,3,2.2258,point_in_time,2007-08-15
spf,core_cpi,2007,3,4,2.3000,point_in_time,2007-08-15
spf,core_cpi,2007,3,5,2.2863,point_in_time,2007-08-15
spf,core_cpi,2007,4,0,2.5000,point_in_time,2007-11-15
spf,core_cpi,2007,4,1,2.2000,point_in_time,2007-11-15
spf,core_cpi,2007,4,2,2.2000,point_in_time,2007-11-15
spf,core_cpi,2007,4,3,2.2000,point_in_time,2007-11-15
spf,core_cpi,2007,4,4,2.2173,point_in_time,2007-11-15
spf,core_cpi,2007,4,5,2.1932,point_in_time,2007-11-15
spf,core_cpi,2008,1,0,2.5000,point_in_time,2008-02-15
spf,core_cpi,2008,1,1,2.4000,point_in_time,2008-02-15
spf,core_cpi,2008,1,2,2.2000,point_in_time,2008-02-15
spf,core_cpi,2008,1,3,2.2000,point_in_time,2008-02-15
spf,core_cpi,2008,1,4,2.1000,point_in_time,2008-02-15
spf,core_cpi,2008,1,5,2.2000,point_in_time,2008-02-15
spf,core_cpi,2008,2,0,2.5000,point_in_time,2008-05-15
spf,core_cpi,2008,2,1,2.3000,point_in_time,2008-05-15
spf,core_cpi,2008,2,2,2.3000,point_in_time,2008-05-15
spf,core_cpi,2008,2,3,2.3000,point_in_time,2008-05-15
spf,core_cpi,2008,2,4,2.3000,point_in_time,2008-05-15
spf,core_cpi,2008,2,5,2.3000,point_in_time,2008-05-15
spf,core_cpi,2008,3,0,1.9000,point_in_time,2008-08-15
spf,core_cpi,2008,3,1,2.5000,point_in_time,2008-08-15
spf,core_cpi,2008,3,2,2.3000,point_in_time,2008-08-15
spf,core_cpi,2008,3,3,2.3000,point_in_time,2008-08-15
spf,core_cpi,2008,3,4,2.2000,point_in_time,2008-08-15
spf,core_cpi,2008,3,5,2.2706,point_in_time,2008-08-15
spf,core_cpi,2008,4,0,3.2000,point_in_time,2008-11-15
spf,core_cpi,2008,4,1,2.0849,point_in_time,2008-11-15
spf,core_cpi,2008,4,2,1.9550,point_in_time,2008-11-15
spf,core_cpi,2008,4,3,2.0312,point_in_time,2008-11-15
spf,core_cpi,2008,4,4,2.0000,point_in_time,2008-11-15
spf,core_cpi,2008,4,5,1.9500,point_in_time,2008-11-15
spf,core_cpi,2009,1,0,0.4000,point_in_time,2009-02-15
spf,core_cpi,2009,1,1,0.6000,point_in_time,2009-02-15
spf,core_cpi,2009,1,2,1.2000,point_in_time,2009-02-15
spf,core_cpi,2009,1,3,1.3000,point_in_time,2009-02-15
spf,core_cpi,2009,1,4,1.3183,point_in_time,2009-02-15
spf,core_cpi,2009,1,5,1.5000,point_in_time,2009-02-15
spf,core_cpi,2009,2,0,1.5000,point_in_time,2009-05-15
spf,core_cpi,2009,2,1,1.4660,point_in_time,2009-05-15
spf,core_cpi,2009,2,2,1.2751,point_in_time,2009-05-15
spf,core_cpi,2009,2,3,1.3000,point_in_time,2009-05-15
spf,core_cpi,2009,2,4,1.3000,point_in_time,2009-05-15
spf,core_cpi,2009,2,5,1.5000,point_in_time,2009-05-15
spf,core_cpi,2009,3,0,2.4000,point_in_time,2009-08-15
spf,core_cpi,2009,3,1,1.6500,point_in_time,2009-08-15
spf,core_cpi,2009,3,2,1.1403,point_in_time,2009-08-15
spf,core_cpi,2009,3,3,1.4506,point_in_time,2009-08-15
spf,core_cpi,2009,3,4,1.5341,point_in_time,2009-08-15
spf,core_cpi,2009,3,5,1.6000,point_in_time,2009-08-15
spf,core_cpi,2009,4,0,1.5000,point_in_time,2009-11-15
spf,core_cpi,2009,4,1,1.4000,point_in_time,2009-11-15
spf,core_cpi,2009,4,2,1.2423,point_in_time,2009-11-15
spf,core_cpi,2009,4,3,1.4000,point_in_time,2009-11-15
spf,core_cpi,2009,4,4,1.5000,point_in_time,2009-11-15
spf,core_cpi,2009,4,5,1.5000,point_in_time,2009-11-15
spf,core_cpi,2010,1,0,1.5000,point_in_time,2010-02-15
spf,core_cpi,2010,1,1,1.2820,point_in_time,2010-02-15
spf,core_cpi,2010,1,2,1.4000,point_in_time,2010-02-15
spf,core_cpi,2010,1,3,1.5000,point_in_time,2010-02-15
spf,core_cpi,2010,1,4,1.5000,point_in_time,2010-02-15
spf,core_cpi,2010,1,5,1.6000,point_in_time,2010-02-15
spf,core_cpi,2010,2,0,-0.0400,point_in_time,2010-05-15
spf,core_cpi,2010,2,1,1.0223,point_in_time,2010-05-15
spf,core_cpi,2010,2,2,1.3500,point_in_time,2010-05-15
spf,core_cpi,2010,2,3,1.4500,point_in_time,2010-05-15
spf,core_cpi,2010,2,4,1.5000,point_in_time,2010-05-15
spf,core_cpi,2010,2,5,1.5514,point_in_time,2010-05-15
spf,core_cpi,2010,3,0,0.9000,point_in_time,2010-08-15
spf,core_cpi,2010,3,1,1.3500,point_in_time,2010-08-15
spf,core_cpi,2010,3,2,1.1778,point_in_time,2010-08-15
spf,core_cpi,2010,3,3,1.2000,point_in_time,2010-08-15
spf,core_cpi,2010,3,4,1.4289,point_in_time,2010-08-15
spf,core_cpi,2010,3,5,1.5514,point_in_time,2010-08-15
spf,core_cpi,2010,4,0,1.2000,point_in_time,2010-11-15
spf,core_cpi,2010,4,1,0.9920,point_in_time,2010-11-15
spf,core_cpi,2010,4,2,1.1000,point_in_time,2010-11-15
spf,core_cpi,2010,4,3,1.2909,point_in_time,2010-11-15
spf,core_cpi,2010,4,4,1.3000,point_in_time,2010-11-15
spf,core_cpi,2010,4,5,1.5153,point_in_time,2010-11-15
spf,core_cpi,2011,1,0,0.4000,point_in_time,2011-02-15
spf,core_cpi,2011,1,1,1.0050,point_in_time,2011-02-15
spf,core_cpi,2011,1,2,1.2000,point_in_time,2011-02-15
spf,core_cpi,2011,1,3,1.3000,point_in_time,2011-02-15
spf,core_cpi,2011,1,4,1.4145,point_in_time,2011-02-15
spf,core_cpi,2011,1,5,1.6000,point_in_time,2011-02-15
spf,core_cpi,2011,2,0,1.7000,point_in_time,2011-05-15
spf,core_cpi,2011,2,1,1.6594,point_in_time,2011-05-15
spf,core_cpi,2011,2,2,1.5712,point_in_time,2011-05-15
spf,core_cpi,2011,2,3,1.5712,point_in_time,2011-05-15
spf,core_cpi,2011,2,4,1.8770,point_in_time,2011-05-15
spf,core_cpi,2011,2,5,1.8562,point_in_time,2011-05-15
spf,core_cpi,2011,3,0,2.5000,point_in_time,2011-08-15
spf,core_cpi,2011,3,1,2.0634,point_in_time,2011-08-15
spf,core_cpi,2011,3,2,1.7000,point_in_time,2011-08-15
spf,core_cpi,2011,3,3,1.6000,point_in_time,2011-08-15
spf,core_cpi,2011,3,4,1.9000,point_in_time,2011-08-15
spf,core_cpi,2011,3,5,1.9750,point_in_time,2011-08-15
spf,core_cpi,2011,4,0,2.7000,point_in_time,2011-11-15
spf,core_cpi,2011,4,1,1.6836,point_in_time,2011-11-15
spf,core_cpi,2011,4,2,1.8026,point_in_time,2011-11-15
spf,core_cpi,2011,4,3,1.8149,point_in_time,2011-11-15
spf,core_cpi,2011,4,4,1.8000,point_in_time,2011-11-15
spf,core_cpi,2011,4,5,1.8000,point_in_time,2011-11-15
spf,core_cpi,2012,1,0,1.7000,point_in_time,2012-02-15
spf,core_cpi,2012,1,1,1.9000,point_in_time,2012-02-15
spf,core_cpi,2012,1,2,1.8149,point_in_time,2012-02-15
spf,core_cpi,2012,1,3,1.9000,point_in_time,2012-02-15
spf,core_cpi,2012,1,4,1.9690,point_in_time,2012-02-15
spf,core_cpi,2012,1,5,2.0000,point_in_time,2012-02-15
spf,core_cpi,2012,2,0,2.1000,point_in_time,2012-05-15
spf,core_cpi,2012,2,1,2.1000,point_in_time,2012-05-15
spf,core_cpi,2012,2,2,1.9500,point_in_time,2012-05-15
spf,core_cpi,2012,2,3,2.0000,point_in_time,2012-05-15
spf,core_cpi,2012,2,4,2.0000,point_in_time,2012-05-15
spf,core_cpi,2012,2,5,2.0900,point_in_time,2012-05-15
spf,core_cpi,2012,3,0,2.6000,point_in_time,2012-08-15
spf,core_cpi,2012,3,1,2.1988,point_in_time,2012-08-15
spf,core_cpi,2012,3,2,2.0000,point_in_time,2012-08-15
spf,core_cpi,2012,3,3,1.9800,point_in_time,2012-08-15
spf,core_cpi,2012,3,4,2.0200,point_in_time,2012-08-15
spf,core_cpi,2012,3,5,2.0857,point_in_time,2012-08-15
spf,core_cpi,2012,4,0,1.5000,point_in_time,2012-11-15
spf,core_cpi,2012,4,1,1.8419,point_in_time,2012-11-15
spf,core_cpi,2012,4,2,1.9000,point_in_time,2012-11-15
spf,core_cpi,2012,4,3,2.0290,point_in_time,2012-11-15
spf,core_cpi,2012,4,4,2.0000,point_in_time,2012-11-15
spf,core_cpi,2012,4,5,2.0000,point_in_time,2012-11-15
spf,core_cpi,2013,1,0,1.6000,point_in_time,2013-02-15
spf,core_cpi,2013,1,1,1.8000,point_in_time,2013-02-15
spf,core_cpi,2013,1,2,1.9624,point_in_time,2013-02-15
spf,core_cpi,2013,1,3,2.0000,point_in_time,2013-02-15
spf,core_cpi,2013,1,4,2.0000,point_in_time,2013-02-15
spf,core_cpi,2013,1,5,2.0259,point_in_time,2013-02-15
spf,core_cpi,2013,2,0,2.1000,point_in_time,2013-05-15
spf,core_cpi,2013,2,1,1.9000,point_in_time,2013-05-15
spf,core_cpi,2013,2,2,2.0000,point_in_time,2013-05-15
spf,core_cpi,2013,2,3,2.0000,point_in_time,2013-05-15
spf,core_cpi,2013,2,4,2.0400,point_in_time,2013-05-15
spf,core_cpi,2013,2,5,2.1000,point_in_time,2013-05-15
spf,core_cpi,2013,3,0,1.4000,point_in_time,2013-08-15
spf,core_cpi,2013,3,1,1.8982,point_in_time,2013-08-15
spf,core_cpi,2013,3,2,1.8500,point_in_time,2013-08-15
spf,core_cpi,2013,3,3,1.9747,point_in_time,2013-08-15
spf,core_cpi,2013,3,4,2.0000,point_in_time,2013-08-15
spf,core_cpi,2013,3,5,2.0000,point_in_time,2013-08-15
spf,core_cpi,2013,4,0,1.8000,point_in_time,2013-11-15
spf,core_cpi,2013,4,1,1.7100,point_in_time,2013-11-15
spf,core_cpi,2013,4,2,1.9000,point_in_time,2013-11-15
spf,core_cpi,2013,4,3,1.9000,point_in_time,2013-11-15
spf,core_cpi,2013,4,4,2.0000,point_in_time,2013-11-15
spf,core_cpi,2013,4,5,2.0000,point_in_time,2013-11-15
spf,core_cpi,2014,1,0,1.6000,point_in_time,2014-02-15
spf,core_cpi,2014,1,1,1.7616,point_in_time,2014-02-15
spf,core_cpi,2014,1,2,1.8000,point_in_time,2014-02-15
spf,core_cpi,2014,1,3,1.9399,point_in_time,2014-02-15
spf,core_cpi,2014,1,4,1.9058,point_in_time,2014-02-15
spf,core_cpi,2014,1,5,2.0693,point_in_time,2014-02-15
spf,core_cpi,2014,2,0,1.6000,point_in_time,2014-05-15
spf,core_cpi,2014,2,1,1.8000,point_in_time,2014-05-15
spf,core_cpi,2014,2,2,1.8180,point_in_time,2014-05-15
spf,core_cpi,2014,2,3,1.9000,point_in_time,2014-05-15
spf,core_cpi,2014,2,4,2.0000,point_in_time,2014-05-15
spf,core_cpi,2014,2,5,2.1000,point_in_time,2014-05-15
spf,core_cpi,2014,3,0,2.5000,point_in_time,2014-08-15
spf,core_cpi,2014,3,1,2.0711,point_in_time,2014-08-15
spf,core_cpi,2014,3,2,2.1000,point_in_time,2014-08-15
spf,core_cpi,2014,3,3,2.0573,point_in_time,2014-08-15
spf,core_cpi,2014,3,4,2.2000,point_in_time,2014-08-15
spf,core_cpi,2014,3,5,2.1250,point_in_time,2014-08-15
spf,core_cpi,2014,4,0,1.3000,point_in_time,2014-11-15
spf,core_cpi,2014,4,1,1.7278,point_in_time,2014-11-15
spf,core_cpi,2014,4,2,1.8987,point_in_time,2014-11-15
spf,core_cpi,2014,4,3,1.8825,point_in_time,2014-11-15
spf,core_cpi,2014,4,4,1.9000,point_in_time,2014-11-15
spf,core_cpi,2014,4,5,2.0000,point_in_time,2014-11-15
spf,core_cpi,2015,1,0,1.4000,point_in_time,2015-02-15
spf,core_cpi,2015,1,1,1.3000,point_in_time,2015-02-15
spf,core_cpi,2015,1,2,1.7000,point_in_time,2015-02-15
spf,core_cpi,2015,1,3,1.8000,point_in_time,2015-02-15
spf,core_cpi,2015,1,4,1.8400,point_in_time,2015-02-15
spf,core_cpi,2015,1,5,1.9000,point_in_time,2015-02-15
spf,core_cpi,2015,2,0,1.7000,point_in_time,2015-05-15
spf,core_cpi,2015,2,1,1.8000,point_in_time,2015-05-15
spf,core_cpi,2015,2,2,1.8000,point_in_time,2015-05-15
spf,core_cpi,2015,2,3,1.8556,point_in_time,2015-05-15
spf,core_cpi,2015,2,4,1.9000,point_in_time,2015-05-15
spf,core_cpi,2015,2,5,2.0000,point_in_time,2015-05-15
spf,core_cpi,2015,3,0,2.5000,point_in_time,2015-08-15
spf,core_cpi,2015,3,1,1.9180,point_in_time,2015-08-15
spf,core_cpi,2015,3,2,1.9000,point_in_time,2015-08-15
spf,core_cpi,2015,3,3,2.0000,point_in_time,2015-08-15
spf,core_cpi,2015,3,4,2.0000,point_in_time,2015-08-15
spf,core_cpi,2015,3,5,2.0608,point_in_time,2015-08-15
spf,core_cpi,2015,4,0,1.7000,point_in_time,2015-11-15
spf,core_cpi,2015,4,1,1.8000,point_in_time,2015-11-15
spf,core_cpi,2015,4,2,1.8939,point_in_time,2015-11-15
spf,core_cpi,2015,4,3,1.9622,point_in_time,2015-11-15
spf,core_cpi,2015,4,4,2.0000,point_in_time,2015-11-15
spf,core_cpi,2015,4,5,2.0151,point_in_time,2015-11-15
spf,core_cpi,2016,1,0,2.1000,point_in_time,2016-02-15
spf,core_cpi,2016,1,1,1.8000,point_in_time,2016-02-15
spf,core_cpi,2016,1,2,1.9562,point_in_time,2016-02-15
spf,core_cpi,2016,1,3,2.0000,point_in_time,2016-02-15
spf,core_cpi,2016,1,4,2.0151,point_in_time,2016-02-15
spf,core_cpi,2016,1,5,2.0456,point_in_time,2016-02-15
spf,core_cpi,2016,2,0,2.7000,point_in_time,2016-05-15
spf,core_cpi,2016,2,1,2.0000,point_in_time,2016-05-15
spf,core_cpi,2016,2,2,2.0000,point_in_time,2016-05-15
spf,core_cpi,2016,2,3,2.0909,point_in_time,2016-05-15
spf,core_cpi,2016,2,4,2.2000,point_in_time,2016-05-15
spf,core_cpi,2016,2,5,2.1500,point_in_time,2016-05-15
spf,core_cpi,2016,3,0,2.1000,point_in_time,2016-08-15
spf,core_cpi,2016,3,1,2.0000,point_in_time,2016-08-15
spf,core_cpi,2016,3,2,2.1000,point_in_time,2016-08-15
spf,core_cpi,2016,3,3,2.1000,point_in_time,2016-08-15
spf,core_cpi,2016,3,4,2.1799,point_in_time,2016-08-15
spf,core_cpi,2016,3,5,2.2000,point_in_time,2016-08-15
spf,core_cpi,2016,4,0,1.9000,point_in_time,2016-11-15
spf,core_cpi,2016,4,1,2.1000,point_in_time,2016-11-15
spf,core_cpi,2016,4,2,2.1728,point_in_time,2016-11-15
spf,core_cpi,2016,4,3,2.2000,point_in_time,2016-11-15
spf,core_cpi,2016,4,4,2.2000,point_in_time,2016-11-15
spf,core_cpi,2016,4,5,2.1684,point_in_time,2016-11-15
spf,core_cpi,2017,1,0,2.0000,point_in_time,2017-02-15
spf,core_cpi,2017,1,1,2.3843,point_in_time,2017-02-15
spf,core_cpi,2017,1,2,2.2344,point_in_time,2017-02-15
spf,core_cpi,2017,1,3,2.1375,point_in_time,2017-02-15
spf,core_cpi,2017,1,4,2.2427,point_in_time,2017-02-15
spf,core_cpi,2017,1,5,2.3000,point_in_time,2017-02-15
spf,core_cpi,2017,2,0,2.5000,point_in_time,2017-05-15
spf,core_cpi,2017,2,1,1.9000,point_in_time,2017-05-15
spf,core_cpi,2017,2,2,2.2427,point_in_time,2017-05-15
spf,core_cpi,2017,2,3,2.2000,point_in_time,2017-05-15
spf,core_cpi,2017,2,4,2.3000,point_in_time,2017-05-15
spf,core_cpi,2017,2,5,2.2427,point_in_time,2017-05-15
spf,core_cpi,2017,3,0,0.6000,point_in_time,2017-08-15
spf,core_cpi,2017,3,1,1.8000,point_in_time,2017-08-15
spf,core_cpi,2017,3,2,2.1000,point_in_time,2017-08-15
spf,core_cpi,2017,3,3,2.1588,point_in_time,2017-08-15
spf,core_cpi,2017,3,4,2.1000,point_in_time,2017-08-15
spf,core_cpi,2017,3,5,2.1610,point_in_time,2017-08-15
spf,core_cpi,2017,4,0,1.7000,point_in_time,2017-11-15
spf,core_cpi,2017,4,1,1.9000,point_in_time,2017-11-15
spf,core_cpi,2017,4,2,2.0460,point_in_time,2017-11-15
spf,core_cpi,2017,4,3,2.1000,point_in_time,2017-11-15
spf,core_cpi,2017,4,4,2.1000,point_in_time,2017-11-15
spf,core_cpi,2017,4,5,2.1600,point_in_time,2017-11-15
spf,core_cpi,2018,1,0,2.3000,point_in_time,2018-02-15
spf,core_cpi,2018,1,1,2.2412,point_in_time,2018-02-15
spf,core_cpi,2018,1,2,2.1032,point_in_time,2018-02-15
spf,core_cpi,2018,1,3,2.1899,point_in_time,2018-02-15
spf,core_cpi,2018,1,4,2.2000,point_in_time,2018-02-15
spf,core_cpi,2018,1,5,2.3000,point_in_time,2018-02-15
spf,core_cpi,2018,2,0,3.0000,point_in_time,2018-05-15
spf,core_cpi,2018,2,1,2.2049,point_in_time,2018-05-15
spf,core_cpi,2018,2,2,2.3500,point_in_time,2018-05-15
spf,core_cpi,2018,2,3,2.3000,point_in_time,2018-05-15
spf,core_cpi,2018,2,4,2.3905,point_in_time,2018-05-15
spf,core_cpi,2018,2,5,2.4000,point_in_time,2018-05-15
spf,core_cpi,2018,3,0,1.8000,point_in_time,2018-08-15
spf,core_cpi,2018,3,1,2.3000,point_in_time,2018-08-15
spf,core_cpi,2018,3,2,2.3000,point_in_time,2018-08-15
spf,core_cpi,2018,3,3,2.4101,point_in_time,2018-08-15
spf,core_cpi,2018,3,4,2.3763,point_in_time,2018-08-15
spf,core_cpi,2018,3,5,2.4000,point_in_time,2018-08-15
spf,core_cpi,2018,4,0,2.0000,point_in_time,2018-11-15
spf,core_cpi,2018,4,1,2.1027,point_in_time,2018-11-15
spf,core_cpi,2018,4,2,2.3072,point_in_time,2018-11-15
spf,core_cpi,2018,4,3,2.3000,point_in_time,2018-11-15
spf,core_cpi,2018,4,4,2.3853,point_in_time,2018-11-15
spf,core_cpi,2018,4,5,2.3511,point_in_time,2018-11-15
spf,core_cpi,2019,1,0,2.2000,point_in_time,2019-02-15
spf,core_cpi,2019,1,1,2.4000,point_in_time,2019-02-15
spf,core_cpi,2019,1,2,2.2000,point_in_time,2019-02-15
spf,core_cpi,2019,1,3,2.2750,point_in_time,2019-02-15
spf,core_cpi,2019,1,4,2.2750,point_in_time,2019-02-15
spf,core_cpi,2019,1,5,2.3024,point_in_time,2019-02-15
spf,core_cpi,2019,2,0,2.3000,point_in_time,2019-05-15
spf,core_cpi,2019,2,1,2.1000,point_in_time,2019-05-15
spf,core_cpi,2019,2,2,2.1347,point_in_time,2019-05-15
spf,core_cpi,2019,2,3,2.1472,point_in_time,2019-05-15
spf,core_cpi,2019,2,4,2.2000,point_in_time,2019-05-15
spf,core_cpi,2019,2,5,2.1719,point_in_time,2019-05-15
spf,core_cpi,2019,3,0,1.8000,point_in_time,2019-08-15
spf,core_cpi,2019,3,1,2.1118,point_in_time,2019-08-15
spf,core_cpi,2019,3,2,2.1000,point_in_time,2019-08-15
spf,core_cpi,2019,3,3,2.2156,point_in_time,2019-08-15
spf,core_cpi,2019,3,4,2.1000,point_in_time,2019-08-15
spf,core_cpi,2019,3,5,2.1000,point_in_time,2019-08-15
spf,core_cpi,2019,4,0,3.0000,point_in_time,2019-11-15
spf,core_cpi,2019,4,1,2.2341,point_in_time,2019-11-15
spf,core_cpi,2019,4,2,2.3000,point_in_time,2019-11-15
spf,core_cpi,2019,4,3,2.2000,point_in_time,2019-11-15
spf,core_cpi,2019,4,4,2.2490,point_in_time,2019-11-15
spf,core_cpi,2019,4,5,2.2036,point_in_time,2019-11-15
spf,core_cpi,2020,1,0,2.1000,point_in_time,2020-02-15
spf,core_cpi,2020,1,1,2.1000,point_in_time,2020-02-15
spf,core_cpi,2020,1,2,2.1000,point_in_time,2020-02-15
spf,core_cpi,2020,1,3,2.1000,point_in_time,2020-02-15
spf,core_cpi,2020,1,4,2.1822,point_in_time,2020-02-15
spf,core_cpi,2020,1,5,2.2000,point_in_time,2020-02-15
spf,core_cpi,2020,2,0,2.0000,point_in_time,2020-05-15
spf,core_cpi,2020,2,1,0.6752,point_in_time,2020-05-15
spf,core_cpi,2020,2,2,1.5000,point_in_time,2020-05-15
spf,core_cpi,2020,2,3,1.6026,point_in_time,2020-05-15
spf,core_cpi,2020,2,4,1.7294,point_in_time,2020-05-15
spf,core_cpi,2020,2,5,1.8000,point_in_time,2020-05-15
spf,core_cpi,2020,3,0,-1.6000,point_in_time,2020-08-15
spf,core_cpi,2020,3,1,1.5500,point_in_time,2020-08-15
spf,core_cpi,2020,3,2,1.4590,point_in_time,2020-08-15
spf,core_cpi,2020,3,3,1.5524,point_in_time,2020-08-15
spf,core_cpi,2020,3,4,1.7644,point_in_time,2020-08-15
spf,core_cpi,2020,3,5,1.8000,point_in_time,2020-08-15
spf,core_cpi,2020,4,0,4.4000,point_in_time,2020-11-15
spf,core_cpi,2020,4,1,2.1388,point_in_time,2020-11-15
spf,core_cpi,2020,4,2,1.8000,point_in_time,2020-11-15
spf,core_cpi,2020,4,3,1.9979,point_in_time,2020-11-15
spf,core_cpi,2020,4,4,1.9000,point_in_time,2020-11-15
spf,core_cpi,2020,4,5,1.9000,point_in_time,2020-11-15
spf,core_cpi,2021,1,0,1.8000,point_in_time,2021-02-15
spf,core_cpi,2021,1,1,1.8000,point_in_time,2021-02-15
spf,core_cpi,2021,1,2,2.0904,point_in_time,2021-02-15
spf,core_cpi,2021,1,3,2.0775,point_in_time,2021-02-15
spf,core_cpi,2021,1,4,2.0962,point_in_time,2021-02-15
spf,core_cpi,2021,1,5,2.1000,point_in_time,2021-02-15
spf,core_cpi,2021,2,0,1.2000,point_in_time,2021-05-15
spf,core_cpi,2021,2,1,2.5000,point_in_time,2021-05-15
spf,core_cpi,2021,2,2,2.5000,point_in_time,2021-05-15
spf,core_cpi,2021,2,3,2.2550,point_in_time,2021-05-15
spf,core_cpi,2021,2,4,2.1426,point_in_time,2021-05-15
spf,core_cpi,2021,2,5,2.2000,point_in_time,2021-05-15
spf,core_cpi,2021,3,0,8.1000,point_in_time,2021-08-15
spf,core_cpi,2021,3,1,5.1406,point_in_time,2021-08-15
spf,core_cpi,2021,3,2,2.5305,point_in_time,2021-08-15
spf,core_cpi,2021,3,3,2.3500,point_in_time,2021-08-15
spf,core_cpi,2021,3,4,2.3500,point_in_time,2021-08-15
spf,core_cpi,2021,3,5,2.4499,point_in_time,2021-08-15
spf,core_cpi,2021,4,0,5.3000,point_in_time,2021-11-15
spf,core_cpi,2021,4,1,3.5262,point_in_time,2021-11-15
spf,core_cpi,2021,4,2,2.8460,point_in_time,2021-11-15
spf,core_cpi,2021,4,3,2.6000,point_in_time,2021-11-15
spf,core_cpi,2021,4,4,2.6000,point_in_time,2021-11-15
spf,core_cpi,2021,4,5,2.4196,point_in_time,2021-11-15
spf,core_cpi,2022,1,0,5.5000,point_in_time,2022-02-15
spf,core_cpi,2022,1,1,5.1154,point_in_time,2022-02-15
spf,core_cpi,2022,1,2,3.6040,point_in_time,2022-02-15
spf,core_cpi,2022,1,3,3.0674,point_in_time,2022-02-15
spf,core_cpi,2022,1,4,2.6050,point_in_time,2022-02-15
spf,core_cpi,2022,1,5,2.5236,point_in_time,2022-02-15
spf,core_cpi,2022,2,0,6.5000,point_in_time,2022-05-15
spf,core_cpi,2022,2,1,5.0917,point_in_time,2022-05-15
spf,core_cpi,2022,2,2,4.1473,point_in_time,2022-05-15
spf,core_cpi,2022,2,3,3.5000,point_in_time,2022-05-15
spf,core_cpi,2022,2,4,3.1000,point_in_time,2022-05-15
spf,core_cpi,2022,2,5,2.9371,point_in_time,2022-05-15
spf,core_cpi,2022,3,0,6.6000,point_in_time,2022-08-15
spf,core_cpi,2022,3,1,5.8000,point_in_time,2022-08-15
spf,core_cpi,2022,3,2,4.6010,point_in_time,2022-08-15
spf,core_cpi,2022,3,3,3.7000,point_in_time,2022-08-15
spf,core_cpi,2022,3,4,3.2000,point_in_time,2022-08-15
spf,core_cpi,2022,3,5,2.8391,point_in_time,2022-08-15
spf,core_cpi,2022,4,0,6.4000,point_in_time,2022-11-15
spf,core_cpi,2022,4,1,5.6754,point_in_time,2022-11-15
spf,core_cpi,2022,4,2,4.5000,point_in_time,2022-11-15
spf,core_cpi,2022,4,3,3.7079,point_in_time,2022-11-15
spf,core_cpi,2022,4,4,3.1519,point_in_time,2022-11-15
spf,core_cpi,2022,4,5,2.8973,point_in_time,2022-11-15
spf,core_cpi,2023,1,0,4.4000,point_in_time,2023-02-15
spf,core_cpi,2023,1,1,3.8018,point_in_time,2023-02-15
spf,core_cpi,2023,1,2,3.5512,point_in_time,2023-02-15
spf,core_cpi,2023,1,3,3.1153,point_in_time,2023-02-15
spf,core_cpi,2023,1,4,2.9328,point_in_time,2023-02-15
spf,core_cpi,2023,1,5,2.8000,point_in_time,2023-02-15
spf,core_cpi,2023,2,0,5.0000,point_in_time,2023-05-15
spf,core_cpi,2023,2,1,4.5000,point_in_time,2023-05-15
spf,core_cpi,2023,2,2,3.6000,point_in_time,2023-05-15
spf,core_cpi,2023,2,3,3.1454,point_in_time,2023-05-15
spf,core_cpi,2023,2,4,2.9715,point_in_time,2023-05-15
spf,core_cpi,2023,2,5,2.7000,point_in_time,2023-05-15
spf,core_cpi,2023,3,0,4.7000,point_in_time,2023-08-15
spf,core_cpi,2023,3,1,3.6000,point_in_time,2023-08-15
spf,core_cpi,2023,3,2,3.2286,point_in_time,2023-08-15
spf,core_cpi,2023,3,3,2.9000,point_in_time,2023-08-15
spf,core_cpi,2023,3,4,2.7072,point_in_time,2023-08-15
spf,core_cpi,2023,3,5,2.6000,point_in_time,2023-08-15
spf,core_cpi,2023,4,0,2.8000,point_in_time,2023-11-15
spf,core_cpi,2023,4,1,3.0079,point_in_time,2023-11-15
spf,core_cpi,2023,4,2,2.8000,point_in_time,2023-11-15
spf,core_cpi,2023,4,3,2.6000,point_in_time,2023-11-15
spf,core_cpi,2023,4,4,2.5483,point_in_time,2023-11-15
spf,core_cpi,2023,4,5,2.4000,point_in_time,2023-11-15
spf,core_cpi,2024,1,0,3.4000,point_in_time,2024-02-15
spf,core_cpi,2024,1,1,3.0702,point_in_time,2024-02-15
spf,core_cpi,2024,1,2,2.7000,point_in_time,2024-02-15
spf,core_cpi,2024,1,3,2.6000,point_in_time,2024-02-15
spf,core_cpi,2024,1,4,2.4000,point_in_time,2024-02-15
spf,core_cpi,2024,1,5,2.4000,point_in_time,2024-02-15
spf,core_cpi,2024,2,0,4.2000,point_in_time,2024-05-15
spf,core_cpi,2024,2,1,3.5292,point_in_time,2024-05-15
spf,core_cpi,2024,2,2,3.0000,point_in_time,2024-05-15
spf,core_cpi,2024,2,3,2.7000,point_in_time,2024-05-15
spf,core_cpi,2024,2,4,2.6609,point_in_time,2024-05-15
spf,core_cpi,2024,2,5,2.5000,point_in_time,2024-05-15
spf,core_cpi,2024,3,0,3.2000,point_in_time,2024-08-15
spf,core_cpi,2024,3,1,2.6000,point_in_time,2024-08-15
spf,core_cpi,2024,3,2,2.5909,point_in_time,2024-08-15
spf,core_cpi,2024,3,3,2.4441,point_in_time,2024-08-15
spf,core_cpi,2024,3,4,2.4282,point_in_time,2024-08-15
spf,core_cpi,2024,3,5,2.4000,point_in_time,2024-08-15
spf,core_cpi,2024,4,0,2.2000,point_in_time,2024-11-15
spf,core_cpi,2024,4,1,2.8510,point_in_time,2024-11-15
spf,core_cpi,2024,4,2,2.5000,point_in_time,2024-11-15
spf,core_cpi,2024,4,3,2.4550,point_in_time,2024-11-15
spf,core_cpi,2024,4,4,2.3000,point_in_time,2024-11-15
spf,core_cpi,2024,4,5,2.3874,point_in_time,2024-11-15
spf,core_cpi,2025,1,0,3.5000,point_in_time,2025-02-15
spf,core_cpi,2025,1,1,3.0000,point_in_time,2025-02-15
spf,core_cpi,2025,1,2,2.9000,point_in_time,2025-02-15
spf,core_cpi,2025,1,3,2.9148,point_in_time,2025-02-15
spf,core_cpi,2025,1,4,2.8026,point_in_time,2025-02-15
spf,core_cpi,2025,1,5,2.6669,point_in_time,2025-02-15
spf,core_cpi,2025,2,0,3.5000,point_in_time,2025-05-15
spf,core_cpi,2025,2,1,3.3730,point_in_time,2025-05-15
spf,core_cpi,2025,2,2,3.8000,point_in_time,2025-05-15
spf,core_cpi,2025,2,3,3.2000,point_in_time,2025-05-15
spf,core_cpi,2025,2,4,3.0000,point_in_time,2025-05-15
spf,core_cpi,2025,2,5,2.7261,point_in_time,2025-05-15
spf,core_cpi,2025,3,0,2.1000,point_in_time,2025-08-15
spf,core_cpi,2025,3,1,3.0272,point_in_time,2025-08-15
spf,core_cpi,2025,3,2,3.0670,point_in_time,2025-08-15
spf,core_cpi,2025,3,3,2.9060,point_in_time,2025-08-15
spf,core_cpi,2025,3,4,2.6102,point_in_time,2025-08-15
spf,core_cpi,2025,3,5,2.5703,point_in_time,2025-08-15
spf,core_cpi,2025,4,0,3.3000,point_in_time,2025-11-15
spf,core_cpi,2025,4,1,3.2000,point_in_time,2025-11-15
spf,core_cpi,2025,4,2,3.1000,point_in_time,2025-11-15
spf,core_cpi,2025,4,3,3.0000,point_in_time,2025-11-15
spf,core_cpi,2025,4,4,2.7000,point_in_time,2025-11-15
spf,core_cpi,2025,4,5,2.7000,point_in_time,2025-11-15
spf,core_cpi,2026,1,0,1.9000,point_in_time,2026-02-15
spf,core_cpi,2026,1,1,2.8000,point_in_time,2026-02-15
spf,core_cpi,2026,1,2,2.7500,point_in_time,2026-02-15
spf,core_cpi,2026,1,3,2.6000,point_in_time,2026-02-15
spf,core_cpi,2026,1,4,2.5339,point_in_time,2026-02-15
spf,core_cpi,2026,1,5,2.5000,point_in_time,2026-02-15
spf,core_cpi,2026,2,0,2.8000,point_in_time,2026-05-15
spf,core_cpi,2026,2,1,3.2000,point_in_time,2026-05-15
spf,core_cpi,2026,2,2,2.9000,point_in_time,2026-05-15
spf,core_cpi,2026,2,3,2.7182,point_in_time,2026-05-15
spf,core_cpi,2026,2,4,2.6535,point_in_time,2026-05-15
spf,core_cpi,2026,2,5,2.4560,point_in_time,2026-05-15
spf,pce,2007,1,0,-0.8000,point_in_time,2007-02-15
spf,pce,2007,1,1,1.7000,point_in_time,2007-02-15
spf,pce,2007,1,2,2.1500,point_in_time,2007-02-15
spf,pce,2007,1,3,2.2150,point_in_time,2007-02-15
spf,pce,2007,1,4,1.9936,point_in_time,2007-02-15
spf,pce,2007,1,5,2.0300,point_in_time,2007-02-15
spf,pce,2007,2,0,3.4000,point_in_time,2007-05-15
spf,pce,2007,2,1,3.3000,point_in_time,2007-05-15
spf,pce,2007,2,2,2.1000,point_in_time,2007-05-15
spf,pce,2007,2,3,2.0000,point_in_time,2007-05-15
spf,pce,2007,2,4,2.1439,point_in_time,2007-05-15
spf,pce,2007,2,5,2.1500,point_in_time,2007-05-15
spf,pce,2007,3,0,4.3000,point_in_time,2007-08-15
spf,pce,2007,3,1,2.0000,point_in_time,2007-08-15
spf,pce,2007,3,2,1.8000,point_in_time,2007-08-15
spf,pce,2007,3,3,2.0310,point_in_time,2007-08-15
spf,pce,2007,3,4,2.0846,point_in_time,2007-08-15
spf,pce,2007,3,5,2.1050,point_in_time,2007-08-15
spf,pce,2007,4,0,1.7000,point_in_time,2007-11-15
spf,pce,2007,4,1,2.6500,point_in_time,2007-11-15
spf,pce,2007,4,2,2.2000,point_in_time,2007-11-15
spf,pce,2007,4,3,1.9000,point_in_time,2007-11-15
spf,pce,2007,4,4,2.1000,point_in_time,2007-11-15
spf,pce,2007,4,5,2.0500,point_in_time,2007-11-15
spf,pce,2008,1,0,3.9000,point_in_time,2008-02-15
spf,pce,2008,1,1,2.8000,point_in_time,2008-02-15
spf,pce,2008,1,2,2.4000,point_in_time,2008-02-15
spf,pce,2008,1,3,2.5000,point_in_time,2008-02-15
spf,pce,2008,1,4,2.3000,point_in_time,2008-02-15
spf,pce,2008,1,5,2.3000,point_in_time,2008-02-15
spf,pce,2008,2,0,3.5000,point_in_time,2008-05-15
spf,pce,2008,2,1,3.0000,point_in_time,2008-05-15
spf,pce,2008,2,2,2.8000,point_in_time,2008-05-15
spf,pce,2008,2,3,2.3000,point_in_time,2008-05-15
spf,pce,2008,2,4,2.3300,point_in_time,2008-05-15
spf,pce,2008,2,5,2.2000,point_in_time,2008-05-15
spf,pce,2008,3,0,4.2000,point_in_time,2008-08-15
spf,pce,2008,3,1,4.1000,point_in_time,2008-08-15
spf,pce,2008,3,2,2.6000,point_in_time,2008-08-15
spf,pce,2008,3,3,2.4000,point_in_time,2008-08-15
spf,pce,2008,3,4,2.0000,point_in_time,2008-08-15
spf,pce,2008,3,5,2.0000,point_in_time,2008-08-15
spf,pce,2008,4,0,5.4000,point_in_time,2008-11-15
spf,pce,2008,4,1,-1.5000,point_in_time,2008-11-15
spf,pce,2008,4,2,1.0000,point_in_time,2008-11-15
spf,pce,2008,4,3,1.7300,point_in_time,2008-11-15
spf,pce,2008,4,4,1.9800,point_in_time,2008-11-15
spf,pce,2008,4,5,2.0000,point_in_time,2008-11-15
spf,pce,2009,1,0,-5.5000,point_in_time,2009-02-15
spf,pce,2009,1,1,-1.9000,point_in_time,2009-02-15
spf,pce,2009,1,2,0.7000,point_in_time,2009-02-15
spf,pce,2009,1,3,1.4800,point_in_time,2009-02-15
spf,pce,2009,1,4,1.5000,point_in_time,2009-02-15
spf,pce,2009,1,5,1.7500,point_in_time,2009-02-15
spf,pce,2009,2,0,-1.0000,point_in_time,2009-05-15
spf,pce,2009,2,1,0.9000,point_in_time,2009-05-15
spf,pce,2009,2,2,1.2500,point_in_time,2009-05-15
spf,pce,2009,2,3,1.1767,point_in_time,2009-05-15
spf,pce,2009,2,4,1.5000,point_in_time,2009-05-15
spf,pce,2009,2,5,1.7323,point_in_time,2009-05-15
spf,pce,2009,3,0,1.3000,point_in_time,2009-08-15
spf,pce,2009,3,1,2.0000,point_in_time,2009-08-15
spf,pce,2009,3,2,1.4000,point_in_time,2009-08-15
spf,pce,2009,3,3,1.3808,point_in_time,2009-08-15
spf,pce,2009,3,4,1.7503,point_in_time,2009-08-15
spf,pce,2009,3,5,1.8620,point_in_time,2009-08-15
spf,pce,2009,4,0,2.8000,point_in_time,2009-11-15
spf,pce,2009,4,1,1.6508,point_in_time,2009-11-15
spf,pce,2009,4,2,1.4597,point_in_time,2009-11-15
spf,pce,2009,4,3,1.1603,point_in_time,2009-11-15
spf,pce,2009,4,4,1.7503,point_in_time,2009-11-15
spf,pce,2009,4,5,1.8396,point_in_time,2009-11-15
spf,pce,2010,1,0,2.7000,point_in_time,2010-02-15
spf,pce,2010,1,1,1.5000,point_in_time,2010-02-15
spf,pce,2010,1,2,1.1756,point_in_time,2010-02-15
spf,pce,2010,1,3,1.7034,point_in_time,2010-02-15
spf,pce,2010,1,4,1.7850,point_in_time,2010-02-15
spf,pce,2010,1,5,1.8000,point_in_time,2010-02-15
spf,pce,2010,2,0,1.5000,point_in_time,2010-05-15
spf,pce,2010,2,1,1.0669,point_in_time,2010-05-15
spf,pce,2010,2,2,1.7046,point_in_time,2010-05-15
spf,pce,2010,2,3,1.6322,point_in_time,2010-05-15
spf,pce,2010,2,4,1.8000,point_in_time,2010-05-15
spf,pce,2010,2,5,1.7401,point_in_time,2010-05-15
spf,pce,2010,3,0,0.1000,point_in_time,2010-08-15
spf,pce,2010,3,1,1.2500,point_in_time,2010-08-15
spf,pce,2010,3,2,1.4500,point_in_time,2010-08-15
spf,pce,2010,3,3,1.6500,point_in_time,2010-08-15
spf,pce,2010,3,4,1.5000,point_in_time,2010-08-15
spf,pce,2010,3,5,1.7448,point_in_time,2010-08-15
spf,pce,2010,4,0,1.0000,point_in_time,2010-11-15
spf,pce,2010,4,1,1.6867,point_in_time,2010-11-15
spf,pce,2010,4,2,1.5438,point_in_time,2010-11-15
spf,pce,2010,4,3,1.1726,point_in_time,2010-11-15
spf,pce,2010,4,4,1.4000,point_in_time,2010-11-15
spf,pce,2010,4,5,1.5545,point_in_time,2010-11-15
spf,pce,2011,1,0,1.8000,point_in_time,2011-02-15
spf,pce,2011,1,1,2.0000,point_in_time,2011-02-15
spf,pce,2011,1,2,1.3000,point_in_time,2011-02-15
spf,pce,2011,1,3,1.5325,point_in_time,2011-02-15
spf,pce,2011,1,4,1.5176,point_in_time,2011-02-15
spf,pce,2011,1,5,1.8256,point_in_time,2011-02-15
spf,pce,2011,2,0,3.8000,point_in_time,2011-05-15
spf,pce,2011,2,1,2.7202,point_in_time,2011-05-15
spf,pce,2011,2,2,2.2000,point_in_time,2011-05-15
spf,pce,2011,2,3,1.8000,point_in_time,2011-05-15
spf,pce,2011,2,4,1.7459,point_in_time,2011-05-15
spf,pce,2011,2,5,1.8000,point_in_time,2011-05-15
spf,pce,2011,3,0,3.1000,point_in_time,2011-08-15
spf,pce,2011,3,1,1.4500,point_in_time,2011-08-15
spf,pce,2011,3,2,1.7006,point_in_time,2011-08-15
spf,pce,2011,3,3,1.7500,point_in_time,2011-08-15
spf,pce,2011,3,4,1.6000,point_in_time,2011-08-15
spf,pce,2011,3,5,1.8293,point_in_time,2011-08-15
spf,pce,2011,4,0,2.4000,point_in_time,2011-11-15
spf,pce,2011,4,1,1.7626,point_in_time,2011-11-15
spf,pce,2011,4,2,1.7000,point_in_time,2011-11-15
spf,pce,2011,4,3,1.6000,point_in_time,2011-11-15
spf,pce,2011,4,4,1.8000,point_in_time,2011-11-15
spf,pce,2011,4,5,1.6792,point_in_time,2011-11-15
spf,pce,2012,1,0,0.7000,point_in_time,2012-02-15
spf,pce,2012,1,1,1.6600,point_in_time,2012-02-15
spf,pce,2012,1,2,1.7000,point_in_time,2012-02-15
spf,pce,2012,1,3,1.8314,point_in_time,2012-02-15
spf,pce,2012,1,4,2.0000,point_in_time,2012-02-15
spf,pce,2012,1,5,2.0000,point_in_time,2012-02-15
spf,pce,2012,2,0,2.4000,point_in_time,2012-05-15
spf,pce,2012,2,1,2.0160,point_in_time,2012-05-15
spf,pce,2012,2,2,1.9090,point_in_time,2012-05-15
spf,pce,2012,2,3,2.0000,point_in_time,2012-05-15
spf,pce,2012,2,4,2.1527,point_in_time,2012-05-15
spf,pce,2012,2,5,2.0000,point_in_time,2012-05-15
spf,pce,2012,3,0,0.7000,point_in_time,2012-08-15
spf,pce,2012,3,1,1.4990,point_in_time,2012-08-15
spf,pce,2012,3,2,1.9500,point_in_time,2012-08-15
spf,pce,2012,3,3,2.0355,point_in_time,2012-08-15
spf,pce,2012,3,4,2.0498,point_in_time,2012-08-15
spf,pce,2012,3,5,2.1000,point_in_time,2012-08-15
spf,pce,2012,4,0,1.8000,point_in_time,2012-11-15
spf,pce,2012,4,1,2.0000,point_in_time,2012-11-15
spf,pce,2012,4,2,1.8048,point_in_time,2012-11-15
spf,pce,2012,4,3,2.0279,point_in_time,2012-11-15
spf,pce,2012,4,4,1.9892,point_in_time,2012-11-15
spf,pce,2012,4,5,2.1000,point_in_time,2012-11-15
spf,pce,2013,1,0,1.2000,point_in_time,2013-02-15
spf,pce,2013,1,1,1.3784,point_in_time,2013-02-15
spf,pce,2013,1,2,1.8700,point_in_time,2013-02-15
spf,pce,2013,1,3,1.9000,point_in_time,2013-02-15
spf,pce,2013,1,4,1.9000,point_in_time,2013-02-15
spf,pce,2013,1,5,2.0000,point_in_time,2013-02-15
spf,pce,2013,2,0,0.9000,point_in_time,2013-05-15
spf,pce,2013,2,1,1.3500,point_in_time,2013-05-15
spf,pce,2013,2,2,1.8000,point_in_time,2013-05-15
spf,pce,2013,2,3,1.8778,point_in_time,2013-05-15
spf,pce,2013,2,4,1.9000,point_in_time,2013-05-15
spf,pce,2013,2,5,2.0000,point_in_time,2013-05-15
spf,pce,2013,3,0,0.0000,point_in_time,2013-08-15
spf,pce,2013,3,1,2.0000,point_in_time,2013-08-15
spf,pce,2013,3,2,1.6872,point_in_time,2013-08-15
spf,pce,2013,3,3,1.7643,point_in_time,2013-08-15
spf,pce,2013,3,4,1.8204,point_in_time,2013-08-15
spf,pce,2013,3,5,1.9000,point_in_time,2013-08-15
spf,pce,2013,4,0,1.9000,point_in_time,2013-11-15
spf,pce,2013,4,1,1.5002,point_in_time,2013-11-15
spf,pce,2013,4,2,1.8000,point_in_time,2013-11-15
spf,pce,2013,4,3,1.8571,point_in_time,2013-11-15
spf,pce,2013,4,4,1.8824,point_in_time,2013-11-15
spf,pce,2013,4,5,1.8789,point_in_time,2013-11-15
spf,pce,2014,1,0,0.7000,point_in_time,2014-02-15
spf,pce,2014,1,1,1.3323,point_in_time,2014-02-15
spf,pce,2014,1,2,1.5067,point_in_time,2014-02-15
spf,pce,2014,1,3,1.7000,point_in_time,2014-02-15
spf,pce,2014,1,4,1.7000,point_in_time,2014-02-15
spf,pce,2014,1,5,1.8000,point_in_time,2014-02-15
spf,pce,2014,2,0,1.4000,point_in_time,2014-05-15
spf,pce,2014,2,1,1.6518,point_in_time,2014-05-15
spf,pce,2014,2,2,1.6538,point_in_time,2014-05-15
spf,pce,2014,2,3,1.7000,point_in_time,2014-05-15
spf,pce,2014,2,4,1.8000,point_in_time,2014-05-15
spf,pce,2014,2,5,1.8337,point_in_time,2014-05-15
spf,pce,2014,3,0,2.3000,point_in_time,2014-08-15
spf,pce,2014,3,1,1.9000,point_in_time,2014-08-15
spf,pce,2014,3,2,1.9299,point_in_time,2014-08-15
spf,pce,2014,3,3,2.0000,point_in_time,2014-08-15
spf,pce,2014,3,4,2.0000,point_in_time,2014-08-15
spf,pce,2014,3,5,2.0000,point_in_time,2014-08-15
spf,pce,2014,4,0,1.2000,point_in_time,2014-11-15
spf,pce,2014,4,1,1.2334,point_in_time,2014-11-15
spf,pce,2014,4,2,1.6868,point_in_time,2014-11-15
spf,pce,2014,4,3,1.8000,point_in_time,2014-11-15
spf,pce,2014,4,4,1.8000,point_in_time,2014-11-15
spf,pce,2014,4,5,1.9000,point_in_time,2014-11-15
spf,pce,2015,1,0,-0.5000,point_in_time,2015-02-15
spf,pce,2015,1,1,-0.5500,point_in_time,2015-02-15
spf,pce,2015,1,2,1.4350,point_in_time,2015-02-15
spf,pce,2015,1,3,1.8700,point_in_time,2015-02-15
spf,pce,2015,1,4,1.7551,point_in_time,2015-02-15
spf,pce,2015,1,5,1.8000,point_in_time,2015-02-15
spf,pce,2015,2,0,-2.0000,point_in_time,2015-05-15
spf,pce,2015,2,1,1.6000,point_in_time,2015-05-15
spf,pce,2015,2,2,1.7000,point_in_time,2015-05-15
spf,pce,2015,2,3,1.7043,point_in_time,2015-05-15
spf,pce,2015,2,4,1.7000,point_in_time,2015-05-15
spf,pce,2015,2,5,1.8894,point_in_time,2015-05-15
spf,pce,2015,3,0,2.2000,point_in_time,2015-08-15
spf,pce,2015,3,1,1.7000,point_in_time,2015-08-15
spf,pce,2015,3,2,1.4249,point_in_time,2015-08-15
spf,pce,2015,3,3,1.7390,point_in_time,2015-08-15
spf,pce,2015,3,4,1.8536,point_in_time,2015-08-15
spf,pce,2015,3,5,1.9000,point_in_time,2015-08-15
spf,pce,2015,4,0,1.2000,point_in_time,2015-11-15
spf,pce,2015,4,1,0.8513,point_in_time,2015-11-15
spf,pce,2015,4,2,1.6000,point_in_time,2015-11-15
spf,pce,2015,4,3,1.8465,point_in_time,2015-11-15
spf,pce,2015,4,4,1.8000,point_in_time,2015-11-15
spf,pce,2015,4,5,1.9000,point_in_time,2015-11-15
spf,pce,2016,1,0,0.1000,point_in_time,2016-02-15
spf,pce,2016,1,1,0.3900,point_in_time,2016-02-15
spf,pce,2016,1,2,1.5500,point_in_time,2016-02-15
spf,pce,2016,1,3,1.7700,point_in_time,2016-02-15
spf,pce,2016,1,4,1.8478,point_in_time,2016-02-15
spf,pce,2016,1,5,1.8000,point_in_time,2016-02-15
spf,pce,2016,2,0,0.3000,point_in_time,2016-05-15
spf,pce,2016,2,1,1.6000,point_in_time,2016-05-15
spf,pce,2016,2,2,1.8199,point_in_time,2016-05-15
spf,pce,2016,2,3,1.8688,point_in_time,2016-05-15
spf,pce,2016,2,4,1.8000,point_in_time,2016-05-15
spf,pce,2016,2,5,1.9000,point_in_time,2016-05-15
spf,pce,2016,3,0,1.9000,point_in_time,2016-08-15
spf,pce,2016,3,1,1.5000,point_in_time,2016-08-15
spf,pce,2016,3,2,1.9000,point_in_time,2016-08-15
spf,pce,2016,3,3,1.8571,point_in_time,2016-08-15
spf,pce,2016,3,4,1.9770,point_in_time,2016-08-15
spf,pce,2016,3,5,1.9970,point_in_time,2016-08-15
spf,pce,2016,4,0,1.4000,point_in_time,2016-11-15
spf,pce,2016,4,1,1.9285,point_in_time,2016-11-15
spf,pce,2016,4,2,1.8000,point_in_time,2016-11-15
spf,pce,2016,4,3,1.8699,point_in_time,2016-11-15
spf,pce,2016,4,4,1.9018,point_in_time,2016-11-15
spf,pce,2016,4,5,1.9996,point_in_time,2016-11-15
spf,pce,2017,1,0,2.2000,point_in_time,2017-02-15
spf,pce,2017,1,1,2.0000,point_in_time,2017-02-15
spf,pce,2017,1,2,2.0000,point_in_time,2017-02-15
spf,pce,2017,1,3,2.0000,point_in_time,2017-02-15
spf,pce,2017,1,4,2.1000,point_in_time,2017-02-15
spf,pce,2017,1,5,2.1000,point_in_time,2017-02-15
spf,pce,2017,2,0,2.4000,point_in_time,2017-05-15
spf,pce,2017,2,1,1.2000,point_in_time,2017-05-15
spf,pce,2017,2,2,1.9368,point_in_time,2017-05-15
spf,pce,2017,2,3,2.0000,point_in_time,2017-05-15
spf,pce,2017,2,4,2.1000,point_in_time,2017-05-15
spf,pce,2017,2,5,2.0000,point_in_time,2017-05-15
spf,pce,2017,3,0,0.3000,point_in_time,2017-08-15
spf,pce,2017,3,1,1.4237,point_in_time,2017-08-15
spf,pce,2017,3,2,2.0000,point_in_time,2017-08-15
spf,pce,2017,3,3,1.9318,point_in_time,2017-08-15
spf,pce,2017,3,4,1.9000,point_in_time,2017-08-15
spf,pce,2017,3,5,1.8785,point_in_time,2017-08-15
spf,pce,2017,4,0,1.5000,point_in_time,2017-11-15
spf,pce,2017,4,1,1.9000,point_in_time,2017-11-15
spf,pce,2017,4,2,1.7450,point_in_time,2017-11-15
spf,pce,2017,4,3,1.7879,point_in_time,2017-11-15
spf,pce,2017,4,4,1.8864,point_in_time,2017-11-15
spf,pce,2017,4,5,1.9000,point_in_time,2017-11-15
spf,pce,2018,1,0,2.8000,point_in_time,2018-02-15
spf,pce,2018,1,1,2.1000,point_in_time,2018-02-15
spf,pce,2018,1,2,1.8950,point_in_time,2018-02-15
spf,pce,2018,1,3,1.9238,point_in_time,2018-02-15
spf,pce,2018,1,4,1.9000,point_in_time,2018-02-15
spf,pce,2018,1,5,1.9967,point_in_time,2018-02-15
spf,pce,2018,2,0,2.7000,point_in_time,2018-05-15
spf,pce,2018,2,1,2.0000,point_in_time,2018-05-15
spf,pce,2018,2,2,2.0000,point_in_time,2018-05-15
spf,pce,2018,2,3,1.9957,point_in_time,2018-05-15
spf,pce,2018,2,4,2.1000,point_in_time,2018-05-15
spf,pce,2018,2,5,2.0309,point_in_time,2018-05-15
spf,pce,2018,3,0,1.8000,point_in_time,2018-08-15
spf,pce,2018,3,1,2.0000,point_in_time,2018-08-15
spf,pce,2018,3,2,2.0766,point_in_time,2018-08-15
spf,pce,2018,3,3,2.0950,point_in_time,2018-08-15
spf,pce,2018,3,4,2.0374,point_in_time,2018-08-15
spf,pce,2018,3,5,2.0596,point_in_time,2018-08-15
spf,pce,2018,4,0,1.6000,point_in_time,2018-11-15
spf,pce,2018,4,1,2.1630,point_in_time,2018-11-15
spf,pce,2018,4,2,2.2000,point_in_time,2018-11-15
spf,pce,2018,4,3,2.1458,point_in_time,2018-11-15
spf,pce,2018,4,4,2.1000,point_in_time,2018-11-15
spf,pce,2018,4,5,2.1234,point_in_time,2018-11-15
spf,pce,2019,1,0,1.5000,point_in_time,2019-02-15
spf,pce,2019,1,1,1.4000,point_in_time,2019-02-15
spf,pce,2019,1,2,2.1337,point_in_time,2019-02-15
spf,pce,2019,1,3,2.1042,point_in_time,2019-02-15
spf,pce,2019,1,4,2.1000,point_in_time,2019-02-15
spf,pce,2019,1,5,2.1948,point_in_time,2019-02-15
spf,pce,2019,2,0,0.6000,point_in_time,2019-05-15
spf,pce,2019,2,1,2.2000,point_in_time,2019-05-15
spf,pce,2019,2,2,1.9739,point_in_time,2019-05-15
spf,pce,2019,2,3,1.9513,point_in_time,2019-05-15
spf,pce,2019,2,4,1.9868,point_in_time,2019-05-15
spf,pce,2019,2,5,1.9097,point_in_time,2019-05-15
spf,pce,2019,3,0,2.3000,point_in_time,2019-08-15
spf,pce,2019,3,1,1.7251,point_in_time,2019-08-15
spf,pce,2019,3,2,1.9000,point_in_time,2019-08-15
spf,pce,2019,3,3,1.9000,point_in_time,2019-08-15
spf,pce,2019,3,4,1.8400,point_in_time,2019-08-15
spf,pce,2019,3,5,1.9000,point_in_time,2019-08-15
spf,pce,2019,4,0,1.5000,point_in_time,2019-11-15
spf,pce,2019,4,1,1.6000,point_in_time,2019-11-15
spf,pce,2019,4,2,2.0000,point_in_time,2019-11-15
spf,pce,2019,4,3,1.9767,point_in_time,2019-11-15
spf,pce,2019,4,4,1.9314,point_in_time,2019-11-15
spf,pce,2019,4,5,1.9000,point_in_time,2019-11-15
spf,pce,2020,1,0,1.6000,point_in_time,2020-02-15
spf,pce,2020,1,1,1.7000,point_in_time,2020-02-15
spf,pce,2020,1,2,1.8000,point_in_time,2020-02-15
spf,pce,2020,1,3,1.9051,point_in_time,2020-02-15
spf,pce,2020,1,4,2.0000,point_in_time,2020-02-15
spf,pce,2020,1,5,2.0000,point_in_time,2020-02-15
spf,pce,2020,2,0,1.3000,point_in_time,2020-05-15
spf,pce,2020,2,1,-1.4816,point_in_time,2020-05-15
spf,pce,2020,2,2,1.2749,point_in_time,2020-05-15
spf,pce,2020,2,3,1.6013,point_in_time,2020-05-15
spf,pce,2020,2,4,1.6304,point_in_time,2020-05-15
spf,pce,2020,2,5,1.6250,point_in_time,2020-05-15
spf,pce,2020,3,0,-1.9000,point_in_time,2020-08-15
spf,pce,2020,3,1,1.6083,point_in_time,2020-08-15
spf,pce,2020,3,2,1.1500,point_in_time,2020-08-15
spf,pce,2020,3,3,1.5496,point_in_time,2020-08-15
spf,pce,2020,3,4,1.4680,point_in_time,2020-08-15
spf,pce,2020,3,5,1.7971,point_in_time,2020-08-15
spf,pce,2020,4,0,3.7000,point_in_time,2020-11-15
spf,pce,2020,4,1,1.7382,point_in_time,2020-11-15
spf,pce,2020,4,2,1.8114,point_in_time,2020-11-15
spf,pce,2020,4,3,1.8000,point_in_time,2020-11-15
spf,pce,2020,4,4,2.0000,point_in_time,2020-11-15
spf,pce,2020,4,5,1.9000,point_in_time,2020-11-15
spf,pce,2021,1,0,1.5000,point_in_time,2021-02-15
spf,pce,2021,1,1,2.4000,point_in_time,2021-02-15
spf,pce,2021,1,2,1.8000,point_in_time,2021-02-15
spf,pce,2021,1,3,1.8952,point_in_time,2021-02-15
spf,pce,2021,1,4,1.9945,point_in_time,2021-02-15
spf,pce,2021,1,5,2.0000,point_in_time,2021-02-15
spf,pce,2021,2,0,3.5000,point_in_time,2021-05-15
spf,pce,2021,2,1,3.0000,point_in_time,2021-05-15
spf,pce,2021,2,2,2.3963,point_in_time,2021-05-15
spf,pce,2021,2,3,2.1956,point_in_time,2021-05-15
spf,pce,2021,2,4,2.1167,point_in_time,2021-05-15
spf,pce,2021,2,5,2.0662,point_in_time,2021-05-15
spf,pce,2021,3,0,6.4000,point_in_time,2021-08-15
spf,pce,2021,3,1,4.0000,point_in_time,2021-08-15
spf,pce,2021,3,2,2.6000,point_in_time,2021-08-15
spf,pce,2021,3,3,2.2777,point_in_time,2021-08-15
spf,pce,2021,3,4,2.1815,point_in_time,2021-08-15
spf,pce,2021,3,5,2.2000,point_in_time,2021-08-15
spf,pce,2021,4,0,5.3000,point_in_time,2021-11-15
spf,pce,2021,4,1,3.9898,point_in_time,2021-11-15
spf,pce,2021,4,2,2.9540,point_in_time,2021-11-15
spf,pce,2021,4,3,2.5033,point_in_time,2021-11-15
spf,pce,2021,4,4,2.2746,point_in_time,2021-11-15
spf,pce,2021,4,5,2.1602,point_in_time,2021-11-15
spf,pce,2022,1,0,6.5000,point_in_time,2022-02-15
spf,pce,2022,1,1,4.6500,point_in_time,2022-02-15
spf,pce,2022,1,2,3.1000,point_in_time,2022-02-15
spf,pce,2022,1,3,2.6395,point_in_time,2022-02-15
spf,pce,2022,1,4,2.4000,point_in_time,2022-02-15
spf,pce,2022,1,5,2.3209,point_in_time,2022-02-15
spf,pce,2022,2,0,7.0000,point_in_time,2022-05-15
spf,pce,2022,2,1,5.7000,point_in_time,2022-05-15
spf,pce,2022,2,2,4.1000,point_in_time,2022-05-15
spf,pce,2022,2,3,3.0427,point_in_time,2022-05-15
spf,pce,2022,2,4,2.7000,point_in_time,2022-05-15
spf,pce,2022,2,5,2.5757,point_in_time,2022-05-15
spf,pce,2022,3,0,7.1000,point_in_time,2022-08-15
spf,pce,2022,3,1,5.3000,point_in_time,2022-08-15
spf,pce,2022,3,2,3.7000,point_in_time,2022-08-15
spf,pce,2022,3,3,2.9281,point_in_time,2022-08-15
spf,pce,2022,3,4,2.7611,point_in_time,2022-08-15
spf,pce,2022,3,5,2.5000,point_in_time,2022-08-15
spf,pce,2022,4,0,4.2000,point_in_time,2022-11-15
spf,pce,2022,4,1,4.6142,point_in_time,2022-11-15
spf,pce,2022,4,2,3.8317,point_in_time,2022-11-15
spf,pce,2022,4,3,3.0734,point_in_time,2022-11-15
spf,pce,2022,4,4,2.7481,point_in_time,2022-11-15
spf,pce,2022,4,5,2.6584,point_in_time,2022-11-15
spf,pce,2023,1,0,3.2000,point_in_time,2023-02-15
spf,pce,2023,1,1,3.2000,point_in_time,2023-02-15
spf,pce,2023,1,2,3.0000,point_in_time,2023-02-15
spf,pce,2023,1,3,2.6000,point_in_time,2023-02-15
spf,pce,2023,1,4,2.6021,point_in_time,2023-02-15
spf,pce,2023,1,5,2.3330,point_in_time,2023-02-15
spf,pce,2023,2,0,4.2000,point_in_time,2023-05-15
spf,pce,2023,2,1,3.1864,point_in_time,2023-05-15
spf,pce,2023,2,2,3.2188,point_in_time,2023-05-15
spf,pce,2023,2,3,2.8980,point_in_time,2023-05-15
spf,pce,2023,2,4,2.4940,point_in_time,2023-05-15
spf,pce,2023,2,5,2.3769,point_in_time,2023-05-15
spf,pce,2023,3,0,2.6000,point_in_time,2023-08-15
spf,pce,2023,3,1,2.7000,point_in_time,2023-08-15
spf,pce,2023,3,2,2.7709,point_in_time,2023-08-15
spf,pce,2023,3,3,2.4764,point_in_time,2023-08-15
spf,pce,2023,3,4,2.5424,point_in_time,2023-08-15
spf,pce,2023,3,5,2.3501,point_in_time,2023-08-15
spf,pce,2023,4,0,2.9000,point_in_time,2023-11-15
spf,pce,2023,4,1,2.9000,point_in_time,2023-11-15
spf,pce,2023,4,2,2.4980,point_in_time,2023-11-15
spf,pce,2023,4,3,2.4847,point_in_time,2023-11-15
spf,pce,2023,4,4,2.2806,point_in_time,2023-11-15
spf,pce,2023,4,5,2.2955,point_in_time,2023-11-15
spf,pce,2024,1,0,1.7000,point_in_time,2024-02-15
spf,pce,2024,1,1,1.9000,point_in_time,2024-02-15
spf,pce,2024,1,2,2.1472,point_in_time,2024-02-15
spf,pce,2024,1,3,2.1364,point_in_time,2024-02-15
spf,pce,2024,1,4,2.1000,point_in_time,2024-02-15
spf,pce,2024,1,5,2.0016,point_in_time,2024-02-15
spf,pce,2024,2,0,3.4000,point_in_time,2024-05-15
spf,pce,2024,2,1,3.0800,point_in_time,2024-05-15
spf,pce,2024,2,2,2.4000,point_in_time,2024-05-15
spf,pce,2024,2,3,2.2279,point_in_time,2024-05-15
spf,pce,2024,2,4,2.2000,point_in_time,2024-05-15
spf,pce,2024,2,5,2.1327,point_in_time,2024-05-15
spf,pce,2024,3,0,2.6000,point_in_time,2024-08-15
spf,pce,2024,3,1,2.1109,point_in_time,2024-08-15
spf,pce,2024,3,2,2.1323,point_in_time,2024-08-15
spf,pce,2024,3,3,2.1839,point_in_time,2024-08-15
spf,pce,2024,3,4,2.1791,point_in_time,2024-08-15
spf,pce,2024,3,5,2.1329,point_in_time,2024-08-15
spf,pce,2024,4,0,1.5000,point_in_time,2024-11-15
spf,pce,2024,4,1,2.0000,point_in_time,2024-11-15
spf,pce,2024,4,2,2.1766,point_in_time,2024-11-15
spf,pce,2024,4,3,2.2000,point_in_time,2024-11-15
spf,pce,2024,4,4,2.1000,point_in_time,2024-11-15
spf,pce,2024,4,5,2.0952,point_in_time,2024-11-15
spf,pce,2025,1,0,2.3000,point_in_time,2025-02-15
spf,pce,2025,1,1,2.4637,point_in_time,2025-02-15
spf,pce,2025,1,2,2.4333,point_in_time,2025-02-15
spf,pce,2025,1,3,2.3937,point_in_time,2025-02-15
spf,pce,2025,1,4,2.3333,point_in_time,2025-02-15
spf,pce,2025,1,5,2.3000,point_in_time,2025-02-15
spf,pce,2025,2,0,3.6000,point_in_time,2025-05-15
spf,pce,2025,2,1,3.2000,point_in_time,2025-05-15
spf,pce,2025,2,2,3.4000,point_in_time,2025-05-15
spf,pce,2025,2,3,2.9500,point_in_time,2025-05-15
spf,pce,2025,2,4,2.7000,point_in_time,2025-05-15
spf,pce,2025,2,5,2.4000,point_in_time,2025-05-15
spf,pce,2025,3,0,2.1000,point_in_time,2025-08-15
spf,pce,2025,3,1,2.9152,point_in_time,2025-08-15
spf,pce,2025,3,2,3.0000,point_in_time,2025-08-15
spf,pce,2025,3,3,2.6000,point_in_time,2025-08-15
spf,pce,2025,3,4,2.4729,point_in_time,2025-08-15
spf,pce,2025,3,5,2.3497,point_in_time,2025-08-15
spf,pce,2025,4,0,2.8000,point_in_time,2025-11-15
spf,pce,2025,4,1,2.9000,point_in_time,2025-11-15
spf,pce,2025,4,2,2.8286,point_in_time,2025-11-15
spf,pce,2025,4,3,2.6058,point_in_time,2025-11-15
spf,pce,2025,4,4,2.4672,point_in_time,2025-11-15
spf,pce,2025,4,5,2.4000,point_in_time,2025-11-15
spf,pce,2026,1,0,2.9000,point_in_time,2026-02-15
spf,pce,2026,1,1,2.9186,point_in_time,2026-02-15
spf,pce,2026,1,2,2.7062,point_in_time,2026-02-15
spf,pce,2026,1,3,2.5263,point_in_time,2026-02-15
spf,pce,2026,1,4,2.5002,point_in_time,2026-02-15
spf,pce,2026,1,5,2.3859,point_in_time,2026-02-15
spf,pce,2026,2,0,4.5000,point_in_time,2026-05-15
spf,pce,2026,2,1,4.5000,point_in_time,2026-05-15
spf,pce,2026,2,2,3.0000,point_in_time,2026-05-15
spf,pce,2026,2,3,2.4049,point_in_time,2026-05-15
spf,pce,2026,2,4,2.5000,point_in_time,2026-05-15
spf,pce,2026,2,5,2.3106,point_in_time,2026-05-15
spf,core_pce,2007,1,0,2.1000,point_in_time,2007-02-15
spf,core_pce,2007,1,1,2.0000,point_in_time,2007-02-15
spf,core_pce,2007,1,2,2.0154,point_in_time,2007-02-15
spf,core_pce,2007,1,3,1.9643,point_in_time,2007-02-15
spf,core_pce,2007,1,4,2.0000,point_in_time,2007-02-15
spf,core_pce,2007,1,5,2.0400,point_in_time,2007-02-15
spf,core_pce,2007,2,0,2.2000,point_in_time,2007-05-15
spf,core_pce,2007,2,1,2.0000,point_in_time,2007-05-15
spf,core_pce,2007,2,2,2.1000,point_in_time,2007-05-15
spf,core_pce,2007,2,3,2.0700,point_in_time,2007-05-15
spf,core_pce,2007,2,4,2.1000,point_in_time,2007-05-15
spf,core_pce,2007,2,5,2.0445,point_in_time,2007-05-15
spf,core_pce,2007,3,0,1.4000,point_in_time,2007-08-15
spf,core_pce,2007,3,1,1.9002,point_in_time,2007-08-15
spf,core_pce,2007,3,2,1.9000,point_in_time,2007-08-15
spf,core_pce,2007,3,3,2.0000,point_in_time,2007-08-15
spf,core_pce,2007,3,4,2.0000,point_in_time,2007-08-15
spf,core_pce,2007,3,5,2.0250,point_in_time,2007-08-15
spf,core_pce,2007,4,0,1.8000,point_in_time,2007-11-15
spf,core_pce,2007,4,1,1.9000,point_in_time,2007-11-15
spf,core_pce,2007,4,2,1.9000,point_in_time,2007-11-15
spf,core_pce,2007,4,3,1.9000,point_in_time,2007-11-15
spf,core_pce,2007,4,4,1.9000,point_in_time,2007-11-15
spf,core_pce,2007,4,5,1.9000,point_in_time,2007-11-15
spf,core_pce,2008,1,0,2.7000,point_in_time,2008-02-15
spf,core_pce,2008,1,1,2.1554,point_in_time,2008-02-15
spf,core_pce,2008,1,2,2.0951,point_in_time,2008-02-15
spf,core_pce,2008,1,3,2.0000,point_in_time,2008-02-15
spf,core_pce,2008,1,4,2.0000,point_in_time,2008-02-15
spf,core_pce,2008,1,5,2.0151,point_in_time,2008-02-15
spf,core_pce,2008,2,0,2.2000,point_in_time,2008-05-15
spf,core_pce,2008,2,1,2.1000,point_in_time,2008-05-15
spf,core_pce,2008,2,2,2.0746,point_in_time,2008-05-15
spf,core_pce,2008,2,3,2.1000,point_in_time,2008-05-15
spf,core_pce,2008,2,4,2.1000,point_in_time,2008-05-15
spf,core_pce,2008,2,5,2.0812,point_in_time,2008-05-15
spf,core_pce,2008,3,0,2.1000,point_in_time,2008-08-15
spf,core_pce,2008,3,1,2.2000,point_in_time,2008-08-15
spf,core_pce,2008,3,2,2.1141,point_in_time,2008-08-15
spf,core_pce,2008,3,3,2.1000,point_in_time,2008-08-15
spf,core_pce,2008,3,4,2.0000,point_in_time,2008-08-15
spf,core_pce,2008,3,5,2.0000,point_in_time,2008-08-15
spf,core_pce,2008,4,0,2.9000,point_in_time,2008-11-15
spf,core_pce,2008,4,1,2.0000,point_in_time,2008-11-15
spf,core_pce,2008,4,2,1.6273,point_in_time,2008-11-15
spf,core_pce,2008,4,3,1.7789,point_in_time,2008-11-15
spf,core_pce,2008,4,4,1.7000,point_in_time,2008-11-15
spf,core_pce,2008,4,5,1.8000,point_in_time,2008-11-15
spf,core_pce,2009,1,0,0.6000,point_in_time,2009-02-15
spf,core_pce,2009,1,1,0.7460,point_in_time,2009-02-15
spf,core_pce,2009,1,2,1.1256,point_in_time,2009-02-15
spf,core_pce,2009,1,3,1.3000,point_in_time,2009-02-15
spf,core_pce,2009,1,4,1.2000,point_in_time,2009-02-15
spf,core_pce,2009,1,5,1.4000,point_in_time,2009-02-15
spf,core_pce,2009,2,0,1.5000,point_in_time,2009-05-15
spf,core_pce,2009,2,1,1.5000,point_in_time,2009-05-15
spf,core_pce,2009,2,2,1.1500,point_in_time,2009-05-15
spf,core_pce,2009,2,3,1.1446,point_in_time,2009-05-15
spf,core_pce,2009,2,4,1.1100,point_in_time,2009-05-15
spf,core_pce,2009,2,5,1.4000,point_in_time,2009-05-15
spf,core_pce,2009,3,0,2.0000,point_in_time,2009-08-15
spf,core_pce,2009,3,1,1.5000,point_in_time,2009-08-15
spf,core_pce,2009,3,2,1.0000,point_in_time,2009-08-15
spf,core_pce,2009,3,3,1.2106,point_in_time,2009-08-15
spf,core_pce,2009,3,4,1.3019,point_in_time,2009-08-15
spf,core_pce,2009,3,5,1.3019,point_in_time,2009-08-15
spf,core_pce,2009,4,0,1.4000,point_in_time,2009-11-15
spf,core_pce,2009,4,1,1.1905,point_in_time,2009-11-15
spf,core_pce,2009,4,2,1.0482,point_in_time,2009-11-15
spf,core_pce,2009,4,3,1.2080,point_in_time,2009-11-15
spf,core_pce,2009,4,4,1.4000,point_in_time,2009-11-15
spf,core_pce,2009,4,5,1.3901,point_in_time,2009-11-15
spf,core_pce,2010,1,0,1.4000,point_in_time,2010-02-15
spf,core_pce,2010,1,1,1.2000,point_in_time,2010-02-15
spf,core_pce,2010,1,2,1.2742,point_in_time,2010-02-15
spf,core_pce,2010,1,3,1.3000,point_in_time,2010-02-15
spf,core_pce,2010,1,4,1.3923,point_in_time,2010-02-15
spf,core_pce,2010,1,5,1.5162,point_in_time,2010-02-15
spf,core_pce,2010,2,0,0.6000,point_in_time,2010-05-15
spf,core_pce,2010,2,1,1.1000,point_in_time,2010-05-15
spf,core_pce,2010,2,2,1.2000,point_in_time,2010-05-15
spf,core_pce,2010,2,3,1.3000,point_in_time,2010-05-15
spf,core_pce,2010,2,4,1.4000,point_in_time,2010-05-15
spf,core_pce,2010,2,5,1.5000,point_in_time,2010-05-15
spf,core_pce,2010,3,0,1.1000,point_in_time,2010-08-15
spf,core_pce,2010,3,1,1.1000,point_in_time,2010-08-15
spf,core_pce,2010,3,2,1.0520,point_in_time,2010-08-15
spf,core_pce,2010,3,3,1.3500,point_in_time,2010-08-15
spf,core_pce,2010,3,4,1.4427,point_in_time,2010-08-15
spf,core_pce,2010,3,5,1.5000,point_in_time,2010-08-15
spf,core_pce,2010,4,0,0.8000,point_in_time,2010-11-15
spf,core_pce,2010,4,1,0.9943,point_in_time,2010-11-15
spf,core_pce,2010,4,2,1.1000,point_in_time,2010-11-15
spf,core_pce,2010,4,3,1.1000,point_in_time,2010-11-15
spf,core_pce,2010,4,4,1.2148,point_in_time,2010-11-15
spf,core_pce,2010,4,5,1.3220,point_in_time,2010-11-15
spf,core_pce,2011,1,0,0.4000,point_in_time,2011-02-15
spf,core_pce,2011,1,1,1.0000,point_in_time,2011-02-15
spf,core_pce,2011,1,2,1.3000,point_in_time,2011-02-15
spf,core_pce,2011,1,3,1.3000,point_in_time,2011-02-15
spf,core_pce,2011,1,4,1.3760,point_in_time,2011-02-15
spf,core_pce,2011,1,5,1.4998,point_in_time,2011-02-15
spf,core_pce,2011,2,0,1.5000,point_in_time,2011-05-15
spf,core_pce,2011,2,1,1.5000,point_in_time,2011-05-15
spf,core_pce,2011,2,2,1.4446,point_in_time,2011-05-15
spf,core_pce,2011,2,3,1.5010,point_in_time,2011-05-15
spf,core_pce,2011,2,4,1.5743,point_in_time,2011-05-15
spf,core_pce,2011,2,5,1.6321,point_in_time,2011-05-15
spf,core_pce,2011,3,0,2.1000,point_in_time,2011-08-15
spf,core_pce,2011,3,1,1.7000,point_in_time,2011-08-15
spf,core_pce,2011,3,2,1.4843,point_in_time,2011-08-15
spf,core_pce,2011,3,3,1.5308,point_in_time,2011-08-15
spf,core_pce,2011,3,4,1.7463,point_in_time,2011-08-15
spf,core_pce,2011,3,5,1.7078,point_in_time,2011-08-15
spf,core_pce,2011,4,0,2.1000,point_in_time,2011-11-15
spf,core_pce,2011,4,1,1.3912,point_in_time,2011-11-15
spf,core_pce,2011,4,2,1.6070,point_in_time,2011-11-15
spf,core_pce,2011,4,3,1.6000,point_in_time,2011-11-15
spf,core_pce,2011,4,4,1.7000,point_in_time,2011-11-15
spf,core_pce,2011,4,5,1.6160,point_in_time,2011-11-15
spf,core_pce,2012,1,0,1.1000,point_in_time,2012-02-15
spf,core_pce,2012,1,1,1.6069,point_in_time,2012-02-15
spf,core_pce,2012,1,2,1.7000,point_in_time,2012-02-15
spf,core_pce,2012,1,3,1.7000,point_in_time,2012-02-15
spf,core_pce,2012,1,4,1.7000,point_in_time,2012-02-15
spf,core_pce,2012,1,5,1.7348,point_in_time,2012-02-15
spf,core_pce,2012,2,0,2.1000,point_in_time,2012-05-15
spf,core_pce,2012,2,1,1.8000,point_in_time,2012-05-15
spf,core_pce,2012,2,2,1.7000,point_in_time,2012-05-15
spf,core_pce,2012,2,3,1.7000,point_in_time,2012-05-15
spf,core_pce,2012,2,4,1.9000,point_in_time,2012-05-15
spf,core_pce,2012,2,5,1.9000,point_in_time,2012-05-15
spf,core_pce,2012,3,0,1.8000,point_in_time,2012-08-15
spf,core_pce,2012,3,1,1.8633,point_in_time,2012-08-15
spf,core_pce,2012,3,2,1.8000,point_in_time,2012-08-15
spf,core_pce,2012,3,3,1.8585,point_in_time,2012-08-15
spf,core_pce,2012,3,4,2.0000,point_in_time,2012-08-15
spf,core_pce,2012,3,5,2.0000,point_in_time,2012-08-15
spf,core_pce,2012,4,0,1.3000,point_in_time,2012-11-15
spf,core_pce,2012,4,1,1.6057,point_in_time,2012-11-15
spf,core_pce,2012,4,2,1.8000,point_in_time,2012-11-15
spf,core_pce,2012,4,3,1.9000,point_in_time,2012-11-15
spf,core_pce,2012,4,4,1.9000,point_in_time,2012-11-15
spf,core_pce,2012,4,5,1.8542,point_in_time,2012-11-15
spf,core_pce,2013,1,0,0.9000,point_in_time,2013-02-15
spf,core_pce,2013,1,1,1.4000,point_in_time,2013-02-15
spf,core_pce,2013,1,2,1.7000,point_in_time,2013-02-15
spf,core_pce,2013,1,3,1.8000,point_in_time,2013-02-15
spf,core_pce,2013,1,4,1.7110,point_in_time,2013-02-15
spf,core_pce,2013,1,5,1.8251,point_in_time,2013-02-15
spf,core_pce,2013,2,0,1.2000,point_in_time,2013-05-15
spf,core_pce,2013,2,1,1.4000,point_in_time,2013-05-15
spf,core_pce,2013,2,2,1.6000,point_in_time,2013-05-15
spf,core_pce,2013,2,3,1.7700,point_in_time,2013-05-15
spf,core_pce,2013,2,4,1.8873,point_in_time,2013-05-15
spf,core_pce,2013,2,5,1.9000,point_in_time,2013-05-15
spf,core_pce,2013,3,0,0.8000,point_in_time,2013-08-15
spf,core_pce,2013,3,1,1.4361,point_in_time,2013-08-15
spf,core_pce,2013,3,2,1.5000,point_in_time,2013-08-15
spf,core_pce,2013,3,3,1.7000,point_in_time,2013-08-15
spf,core_pce,2013,3,4,1.7000,point_in_time,2013-08-15
spf,core_pce,2013,3,5,1.7500,point_in_time,2013-08-15
spf,core_pce,2013,4,0,1.4000,point_in_time,2013-11-15
spf,core_pce,2013,4,1,1.5000,point_in_time,2013-11-15
spf,core_pce,2013,4,2,1.7000,point_in_time,2013-11-15
spf,core_pce,2013,4,3,1.7693,point_in_time,2013-11-15
spf,core_pce,2013,4,4,1.7000,point_in_time,2013-11-15
spf,core_pce,2013,4,5,1.8000,point_in_time,2013-11-15
spf,core_pce,2014,1,0,1.1000,point_in_time,2014-02-15
spf,core_pce,2014,1,1,1.5000,point_in_time,2014-02-15
spf,core_pce,2014,1,2,1.5300,point_in_time,2014-02-15
spf,core_pce,2014,1,3,1.6000,point_in_time,2014-02-15
spf,core_pce,2014,1,4,1.7000,point_in_time,2014-02-15
spf,core_pce,2014,1,5,1.7657,point_in_time,2014-02-15
spf,core_pce,2014,2,0,1.3000,point_in_time,2014-05-15
spf,core_pce,2014,2,1,1.5442,point_in_time,2014-05-15
spf,core_pce,2014,2,2,1.7103,point_in_time,2014-05-15
spf,core_pce,2014,2,3,1.7000,point_in_time,2014-05-15
spf,core_pce,2014,2,4,1.8000,point_in_time,2014-05-15
spf,core_pce,2014,2,5,1.8000,point_in_time,2014-05-15
spf,core_pce,2014,3,0,2.0000,point_in_time,2014-08-15
spf,core_pce,2014,3,1,1.8000,point_in_time,2014-08-15
spf,core_pce,2014,3,2,1.9000,point_in_time,2014-08-15
spf,core_pce,2014,3,3,1.9000,point_in_time,2014-08-15
spf,core_pce,2014,3,4,1.9672,point_in_time,2014-08-15
spf,core_pce,2014,3,5,1.9352,point_in_time,2014-08-15
spf,core_pce,2014,4,0,1.4000,point_in_time,2014-11-15
spf,core_pce,2014,4,1,1.5905,point_in_time,2014-11-15
spf,core_pce,2014,4,2,1.7000,point_in_time,2014-11-15
spf,core_pce,2014,4,3,1.7306,point_in_time,2014-11-15
spf,core_pce,2014,4,4,1.8000,point_in_time,2014-11-15
spf,core_pce,2014,4,5,1.8000,point_in_time,2014-11-15
spf,core_pce,2015,1,0,1.1000,point_in_time,2015-02-15
spf,core_pce,2015,1,1,1.1961,point_in_time,2015-02-15
spf,core_pce,2015,1,2,1.4050,point_in_time,2015-02-15
spf,core_pce,2015,1,3,1.5450,point_in_time,2015-02-15
spf,core_pce,2015,1,4,1.7000,point_in_time,2015-02-15
spf,core_pce,2015,1,5,1.6191,point_in_time,2015-02-15
spf,core_pce,2015,2,0,0.9000,point_in_time,2015-05-15
spf,core_pce,2015,2,1,1.5000,point_in_time,2015-05-15
spf,core_pce,2015,2,2,1.5000,point_in_time,2015-05-15
spf,core_pce,2015,2,3,1.6000,point_in_time,2015-05-15
spf,core_pce,2015,2,4,1.7000,point_in_time,2015-05-15
spf,core_pce,2015,2,5,1.7473,point_in_time,2015-05-15
spf,core_pce,2015,3,0,1.8000,point_in_time,2015-08-15
spf,core_pce,2015,3,1,1.5528,point_in_time,2015-08-15
spf,core_pce,2015,3,2,1.6071,point_in_time,2015-08-15
spf,core_pce,2015,3,3,1.7000,point_in_time,2015-08-15
spf,core_pce,2015,3,4,1.8000,point_in_time,2015-08-15
spf,core_pce,2015,3,5,1.8000,point_in_time,2015-08-15
spf,core_pce,2015,4,0,1.3000,point_in_time,2015-11-15
spf,core_pce,2015,4,1,1.5000,point_in_time,2015-11-15
spf,core_pce,2015,4,2,1.5000,point_in_time,2015-11-15
spf,core_pce,2015,4,3,1.6000,point_in_time,2015-11-15
spf,core_pce,2015,4,4,1.7000,point_in_time,2015-11-15
spf,core_pce,2015,4,5,1.7119,point_in_time,2015-11-15
spf,core_pce,2016,1,0,1.2000,point_in_time,2016-02-15
spf,core_pce,2016,1,1,1.4000,point_in_time,2016-02-15
spf,core_pce,2016,1,2,1.5366,point_in_time,2016-02-15
spf,core_pce,2016,1,3,1.6500,point_in_time,2016-02-15
spf,core_pce,2016,1,4,1.7000,point_in_time,2016-02-15
spf,core_pce,2016,1,5,1.7127,point_in_time,2016-02-15
spf,core_pce,2016,2,0,2.1000,point_in_time,2016-05-15
spf,core_pce,2016,2,1,1.5451,point_in_time,2016-05-15
spf,core_pce,2016,2,2,1.7000,point_in_time,2016-05-15
spf,core_pce,2016,2,3,1.7559,point_in_time,2016-05-15
spf,core_pce,2016,2,4,1.8236,point_in_time,2016-05-15
spf,core_pce,2016,2,5,1.9000,point_in_time,2016-05-15
spf,core_pce,2016,3,0,1.7000,point_in_time,2016-08-15
spf,core_pce,2016,3,1,1.6000,point_in_time,2016-08-15
spf,core_pce,2016,3,2,1.6347,point_in_time,2016-08-15
spf,core_pce,2016,3,3,1.8000,point_in_time,2016-08-15
spf,core_pce,2016,3,4,1.8474,point_in_time,2016-08-15
spf,core_pce,2016,3,5,1.8500,point_in_time,2016-08-15
spf,core_pce,2016,4,0,1.7000,point_in_time,2016-11-15
spf,core_pce,2016,4,1,1.7000,point_in_time,2016-11-15
spf,core_pce,2016,4,2,1.8071,point_in_time,2016-11-15
spf,core_pce,2016,4,3,1.8000,point_in_time,2016-11-15
spf,core_pce,2016,4,4,1.8608,point_in_time,2016-11-15
spf,core_pce,2016,4,5,1.9000,point_in_time,2016-11-15
spf,core_pce,2017,1,0,1.3000,point_in_time,2017-02-15
spf,core_pce,2017,1,1,1.7800,point_in_time,2017-02-15
spf,core_pce,2017,1,2,1.9234,point_in_time,2017-02-15
spf,core_pce,2017,1,3,1.9000,point_in_time,2017-02-15
spf,core_pce,2017,1,4,1.9000,point_in_time,2017-02-15
spf,core_pce,2017,1,5,2.0000,point_in_time,2017-02-15
spf,core_pce,2017,2,0,2.0000,point_in_time,2017-05-15
spf,core_pce,2017,2,1,1.7073,point_in_time,2017-05-15
spf,core_pce,2017,2,2,1.9000,point_in_time,2017-05-15
spf,core_pce,2017,2,3,1.9000,point_in_time,2017-05-15
spf,core_pce,2017,2,4,1.9000,point_in_time,2017-05-15
spf,core_pce,2017,2,5,2.0000,point_in_time,2017-05-15
spf,core_pce,2017,3,0,0.9000,point_in_time,2017-08-15
spf,core_pce,2017,3,1,1.6000,point_in_time,2017-08-15
spf,core_pce,2017,3,2,1.7552,point_in_time,2017-08-15
spf,core_pce,2017,3,3,1.8487,point_in_time,2017-08-15
spf,core_pce,2017,3,4,1.8381,point_in_time,2017-08-15
spf,core_pce,2017,3,5,1.9000,point_in_time,2017-08-15
spf,core_pce,2017,4,0,1.3000,point_in_time,2017-11-15
spf,core_pce,2017,4,1,1.5816,point_in_time,2017-11-15
spf,core_pce,2017,4,2,1.7050,point_in_time,2017-11-15
spf,core_pce,2017,4,3,1.8000,point_in_time,2017-11-15
spf,core_pce,2017,4,4,1.8075,point_in_time,2017-11-15
spf,core_pce,2017,4,5,1.9000,point_in_time,2017-11-15
spf,core_pce,2018,1,0,1.9000,point_in_time,2018-02-15
spf,core_pce,2018,1,1,1.8000,point_in_time,2018-02-15
spf,core_pce,2018,1,2,1.9000,point_in_time,2018-02-15
spf,core_pce,2018,1,3,1.9000,point_in_time,2018-02-15
spf,core_pce,2018,1,4,1.9372,point_in_time,2018-02-15
spf,core_pce,2018,1,5,2.0000,point_in_time,2018-02-15
spf,core_pce,2018,2,0,2.5000,point_in_time,2018-05-15
spf,core_pce,2018,2,1,2.0000,point_in_time,2018-05-15
spf,core_pce,2018,2,2,2.0500,point_in_time,2018-05-15
spf,core_pce,2018,2,3,2.1000,point_in_time,2018-05-15
spf,core_pce,2018,2,4,2.1000,point_in_time,2018-05-15
spf,core_pce,2018,2,5,2.0200,point_in_time,2018-05-15
spf,core_pce,2018,3,0,2.0000,point_in_time,2018-08-15
spf,core_pce,2018,3,1,1.9805,point_in_time,2018-08-15
spf,core_pce,2018,3,2,2.0153,point_in_time,2018-08-15
spf,core_pce,2018,3,3,2.1000,point_in_time,2018-08-15
spf,core_pce,2018,3,4,2.1000,point_in_time,2018-08-15
spf,core_pce,2018,3,5,2.1161,point_in_time,2018-08-15
spf,core_pce,2018,4,0,1.6000,point_in_time,2018-11-15
spf,core_pce,2018,4,1,1.9885,point_in_time,2018-11-15
spf,core_pce,2018,4,2,2.1000,point_in_time,2018-11-15
spf,core_pce,2018,4,3,2.1000,point_in_time,2018-11-15
spf,core_pce,2018,4,4,2.1000,point_in_time,2018-11-15
spf,core_pce,2018,4,5,2.1000,point_in_time,2018-11-15
spf,core_pce,2019,1,0,1.7000,point_in_time,2019-02-15
spf,core_pce,2019,1,1,2.0000,point_in_time,2019-02-15
spf,core_pce,2019,1,2,1.9833,point_in_time,2019-02-15
spf,core_pce,2019,1,3,2.0120,point_in_time,2019-02-15
spf,core_pce,2019,1,4,2.0153,point_in_time,2019-02-15
spf,core_pce,2019,1,5,2.1000,point_in_time,2019-02-15
spf,core_pce,2019,2,0,1.3000,point_in_time,2019-05-15
spf,core_pce,2019,2,1,1.6554,point_in_time,2019-05-15
spf,core_pce,2019,2,2,1.9000,point_in_time,2019-05-15
spf,core_pce,2019,2,3,1.9202,point_in_time,2019-05-15
spf,core_pce,2019,2,4,2.0000,point_in_time,2019-05-15
spf,core_pce,2019,2,5,2.0000,point_in_time,2019-05-15
spf,core_pce,2019,3,0,1.8000,point_in_time,2019-08-15
spf,core_pce,2019,3,1,2.0000,point_in_time,2019-08-15
spf,core_pce,2019,3,2,1.9379,point_in_time,2019-08-15
spf,core_pce,2019,3,3,2.0000,point_in_time,2019-08-15
spf,core_pce,2019,3,4,1.9341,point_in_time,2019-08-15
spf,core_pce,2019,3,5,1.9000,point_in_time,2019-08-15
spf,core_pce,2019,4,0,2.2000,point_in_time,2019-11-15
spf,core_pce,2019,4,1,1.9000,point_in_time,2019-11-15
spf,core_pce,2019,4,2,2.0126,point_in_time,2019-11-15
spf,core_pce,2019,4,3,2.0000,point_in_time,2019-11-15
spf,core_pce,2019,4,4,1.9778,point_in_time,2019-11-15
spf,core_pce,2019,4,5,1.9913,point_in_time,2019-11-15
spf,core_pce,2020,1,0,1.3000,point_in_time,2020-02-15
spf,core_pce,2020,1,1,1.9000,point_in_time,2020-02-15
spf,core_pce,2020,1,2,1.9000,point_in_time,2020-02-15
spf,core_pce,2020,1,3,1.8701,point_in_time,2020-02-15
spf,core_pce,2020,1,4,1.8897,point_in_time,2020-02-15
spf,core_pce,2020,1,5,1.9328,point_in_time,2020-02-15
spf,core_pce,2020,2,0,1.8000,point_in_time,2020-05-15
spf,core_pce,2020,2,1,0.9900,point_in_time,2020-05-15
spf,core_pce,2020,2,2,1.2974,point_in_time,2020-05-15
spf,core_pce,2020,2,3,1.4000,point_in_time,2020-05-15
spf,core_pce,2020,2,4,1.5990,point_in_time,2020-05-15
spf,core_pce,2020,2,5,1.6799,point_in_time,2020-05-15
spf,core_pce,2020,3,0,-1.1000,point_in_time,2020-08-15
spf,core_pce,2020,3,1,1.4550,point_in_time,2020-08-15
spf,core_pce,2020,3,2,1.3000,point_in_time,2020-08-15
spf,core_pce,2020,3,3,1.4500,point_in_time,2020-08-15
spf,core_pce,2020,3,4,1.5000,point_in_time,2020-08-15
spf,core_pce,2020,3,5,1.6709,point_in_time,2020-08-15
spf,core_pce,2020,4,0,3.5000,point_in_time,2020-11-15
spf,core_pce,2020,4,1,1.8000,point_in_time,2020-11-15
spf,core_pce,2020,4,2,1.7000,point_in_time,2020-11-15
spf,core_pce,2020,4,3,1.7486,point_in_time,2020-11-15
spf,core_pce,2020,4,4,1.8000,point_in_time,2020-11-15
spf,core_pce,2020,4,5,1.7000,point_in_time,2020-11-15
spf,core_pce,2021,1,0,1.4000,point_in_time,2021-02-15
spf,core_pce,2021,1,1,1.8500,point_in_time,2021-02-15
spf,core_pce,2021,1,2,1.7604,point_in_time,2021-02-15
spf,core_pce,2021,1,3,1.8780,point_in_time,2021-02-15
spf,core_pce,2021,1,4,1.9000,point_in_time,2021-02-15
spf,core_pce,2021,1,5,1.9000,point_in_time,2021-02-15
spf,core_pce,2021,2,0,2.3000,point_in_time,2021-05-15
spf,core_pce,2021,2,1,2.5000,point_in_time,2021-05-15
spf,core_pce,2021,2,2,2.1848,point_in_time,2021-05-15
spf,core_pce,2021,2,3,2.0058,point_in_time,2021-05-15
spf,core_pce,2021,2,4,2.0000,point_in_time,2021-05-15
spf,core_pce,2021,2,5,2.0000,point_in_time,2021-05-15
spf,core_pce,2021,3,0,6.1000,point_in_time,2021-08-15
spf,core_pce,2021,3,1,3.6500,point_in_time,2021-08-15
spf,core_pce,2021,3,2,2.2278,point_in_time,2021-08-15
spf,core_pce,2021,3,3,2.1168,point_in_time,2021-08-15
spf,core_pce,2021,3,4,2.1408,point_in_time,2021-08-15
spf,core_pce,2021,3,5,2.1815,point_in_time,2021-08-15
spf,core_pce,2021,4,0,4.5000,point_in_time,2021-11-15
spf,core_pce,2021,4,1,3.0000,point_in_time,2021-11-15
spf,core_pce,2021,4,2,2.5000,point_in_time,2021-11-15
spf,core_pce,2021,4,3,2.4000,point_in_time,2021-11-15
spf,core_pce,2021,4,4,2.3137,point_in_time,2021-11-15
spf,core_pce,2021,4,5,2.1007,point_in_time,2021-11-15
spf,core_pce,2022,1,0,4.9000,point_in_time,2022-02-15
spf,core_pce,2022,1,1,4.2914,point_in_time,2022-02-15
spf,core_pce,2022,1,2,3.0808,point_in_time,2022-02-15
spf,core_pce,2022,1,3,2.4570,point_in_time,2022-02-15
spf,core_pce,2022,1,4,2.2958,point_in_time,2022-02-15
spf,core_pce,2022,1,5,2.3000,point_in_time,2022-02-15
spf,core_pce,2022,2,0,5.2000,point_in_time,2022-05-15
spf,core_pce,2022,2,1,4.3000,point_in_time,2022-05-15
spf,core_pce,2022,2,2,3.7500,point_in_time,2022-05-15
spf,core_pce,2022,2,3,3.2000,point_in_time,2022-05-15
spf,core_pce,2022,2,4,2.8000,point_in_time,2022-05-15
spf,core_pce,2022,2,5,2.6648,point_in_time,2022-05-15
spf,core_pce,2022,3,0,4.4000,point_in_time,2022-08-15
spf,core_pce,2022,3,1,4.6000,point_in_time,2022-08-15
spf,core_pce,2022,3,2,3.5000,point_in_time,2022-08-15
spf,core_pce,2022,3,3,3.1000,point_in_time,2022-08-15
spf,core_pce,2022,3,4,2.7935,point_in_time,2022-08-15
spf,core_pce,2022,3,5,2.6000,point_in_time,2022-08-15
spf,core_pce,2022,4,0,4.5000,point_in_time,2022-11-15
spf,core_pce,2022,4,1,4.5000,point_in_time,2022-11-15
spf,core_pce,2022,4,2,3.8456,point_in_time,2022-11-15
spf,core_pce,2022,4,3,3.1698,point_in_time,2022-11-15
spf,core_pce,2022,4,4,2.8500,point_in_time,2022-11-15
spf,core_pce,2022,4,5,2.6628,point_in_time,2022-11-15
spf,core_pce,2023,1,0,3.9000,point_in_time,2023-02-15
spf,core_pce,2023,1,1,3.5500,point_in_time,2023-02-15
spf,core_pce,2023,1,2,3.0758,point_in_time,2023-02-15
spf,core_pce,2023,1,3,2.6990,point_in_time,2023-02-15
spf,core_pce,2023,1,4,2.5274,point_in_time,2023-02-15
spf,core_pce,2023,1,5,2.4961,point_in_time,2023-02-15
spf,core_pce,2023,2,0,4.9000,point_in_time,2023-05-15
spf,core_pce,2023,2,1,3.8451,point_in_time,2023-05-15
spf,core_pce,2023,2,2,3.3210,point_in_time,2023-05-15
spf,core_pce,2023,2,3,2.9000,point_in_time,2023-05-15
spf,core_pce,2023,2,4,2.5000,point_in_time,2023-05-15
spf,core_pce,2023,2,5,2.4369,point_in_time,2023-05-15
spf,core_pce,2023,3,0,3.8000,point_in_time,2023-08-15
spf,core_pce,2023,3,1,3.2837,point_in_time,2023-08-15
spf,core_pce,2023,3,2,2.8036,point_in_time,2023-08-15
spf,core_pce,2023,3,3,2.6000,point_in_time,2023-08-15
spf,core_pce,2023,3,4,2.5000,point_in_time,2023-08-15
spf,core_pce,2023,3,5,2.3074,point_in_time,2023-08-15
spf,core_pce,2023,4,0,2.4000,point_in_time,2023-11-15
spf,core_pce,2023,4,1,2.7200,point_in_time,2023-11-15
spf,core_pce,2023,4,2,2.6500,point_in_time,2023-11-15
spf,core_pce,2023,4,3,2.4000,point_in_time,2023-11-15
spf,core_pce,2023,4,4,2.2993,point_in_time,2023-11-15
spf,core_pce,2023,4,5,2.2317,point_in_time,2023-11-15
spf,core_pce,2024,1,0,2.0000,point_in_time,2024-02-15
spf,core_pce,2024,1,1,2.1413,point_in_time,2024-02-15
spf,core_pce,2024,1,2,2.1248,point_in_time,2024-02-15
spf,core_pce,2024,1,3,2.1191,point_in_time,2024-02-15
spf,core_pce,2024,1,4,2.0754,point_in_time,2024-02-15
spf,core_pce,2024,1,5,2.0509,point_in_time,2024-02-15
spf,core_pce,2024,2,0,3.7000,point_in_time,2024-05-15
spf,core_pce,2024,2,1,3.0000,point_in_time,2024-05-15
spf,core_pce,2024,2,2,2.5000,point_in_time,2024-05-15
spf,core_pce,2024,2,3,2.4000,point_in_time,2024-05-15
spf,core_pce,2024,2,4,2.3500,point_in_time,2024-05-15
spf,core_pce,2024,2,5,2.2632,point_in_time,2024-05-15
spf,core_pce,2024,3,0,2.9000,point_in_time,2024-08-15
spf,core_pce,2024,3,1,2.3791,point_in_time,2024-08-15
spf,core_pce,2024,3,2,2.2890,point_in_time,2024-08-15
spf,core_pce,2024,3,3,2.2727,point_in_time,2024-08-15
spf,core_pce,2024,3,4,2.2000,point_in_time,2024-08-15
spf,core_pce,2024,3,5,2.1000,point_in_time,2024-08-15
spf,core_pce,2024,4,0,2.2000,point_in_time,2024-11-15
spf,core_pce,2024,4,1,2.2654,point_in_time,2024-11-15
spf,core_pce,2024,4,2,2.3000,point_in_time,2024-11-15
spf,core_pce,2024,4,3,2.2000,point_in_time,2024-11-15
spf,core_pce,2024,4,4,2.1087,point_in_time,2024-11-15
spf,core_pce,2024,4,5,2.1000,point_in_time,2024-11-15
spf,core_pce,2025,1,0,2.5000,point_in_time,2025-02-15
spf,core_pce,2025,1,1,2.4982,point_in_time,2025-02-15
spf,core_pce,2025,1,2,2.4891,point_in_time,2025-02-15
spf,core_pce,2025,1,3,2.4000,point_in_time,2025-02-15
spf,core_pce,2025,1,4,2.3000,point_in_time,2025-02-15
spf,core_pce,2025,1,5,2.3000,point_in_time,2025-02-15
spf,core_pce,2025,2,0,3.5000,point_in_time,2025-05-15
spf,core_pce,2025,2,1,3.1349,point_in_time,2025-05-15
spf,core_pce,2025,2,2,3.4304,point_in_time,2025-05-15
spf,core_pce,2025,2,3,2.8000,point_in_time,2025-05-15
spf,core_pce,2025,2,4,2.7000,point_in_time,2025-05-15
spf,core_pce,2025,2,5,2.5000,point_in_time,2025-05-15
spf,core_pce,2025,3,0,2.5000,point_in_time,2025-08-15
spf,core_pce,2025,3,1,3.0170,point_in_time,2025-08-15
spf,core_pce,2025,3,2,3.0011,point_in_time,2025-08-15
spf,core_pce,2025,3,3,2.7500,point_in_time,2025-08-15
spf,core_pce,2025,3,4,2.6000,point_in_time,2025-08-15
spf,core_pce,2025,3,5,2.4000,point_in_time,2025-08-15
spf,core_pce,2025,4,0,2.9000,point_in_time,2025-11-15
spf,core_pce,2025,4,1,2.9590,point_in_time,2025-11-15
spf,core_pce,2025,4,2,2.8701,point_in_time,2025-11-15
spf,core_pce,2025,4,3,2.7097,point_in_time,2025-11-15
spf,core_pce,2025,4,4,2.5531,point_in_time,2025-11-15
spf,core_pce,2025,4,5,2.4000,point_in_time,2025-11-15
spf,core_pce,2026,1,0,2.7000,point_in_time,2026-02-15
spf,core_pce,2026,1,1,2.9051,point_in_time,2026-02-15
spf,core_pce,2026,1,2,2.7499,point_in_time,2026-02-15
spf,core_pce,2026,1,3,2.5220,point_in_time,2026-02-15
spf,core_pce,2026,1,4,2.4098,point_in_time,2026-02-15
spf,core_pce,2026,1,5,2.3773,point_in_time,2026-02-15
spf,core_pce,2026,2,0,4.3000,point_in_time,2026-05-15
spf,core_pce,2026,2,1,3.4000,point_in_time,2026-05-15
spf,core_pce,2026,2,2,2.9374,point_in_time,2026-05-15
spf,core_pce,2026,2,3,2.6398,point_in_time,2026-05-15
spf,core_pce,2026,2,4,2.6000,point_in_time,2026-05-15
spf,core_pce,2026,2,5,2.3902,point_in_time,2026-05-15
